Date,Day_name,Weekly_Expiry_Date,Day
27-05-2016,Fri,02-06-2016,Thu
28-05-2016,Sat,02-06-2016,Thu
29-05-2016,Sun,02-06-2016,Thu
30-05-2016,Mon,02-06-2016,Thu
31-05-2016,Tue,02-06-2016,Thu
01-06-2016,Wed,02-06-2016,Thu
02-06-2016,Thu,02-06-2016,Thu
03-06-2016,Fri,09-06-2016,Thu
04-06-2016,Sat,09-06-2016,Thu
05-06-2016,Sun,09-06-2016,Thu
06-06-2016,Mon,09-06-2016,Thu
07-06-2016,Tue,09-06-2016,Thu
08-06-2016,Wed,09-06-2016,Thu
09-06-2016,Thu,09-06-2016,Thu
10-06-2016,Fri,16-06-2016,Thu
11-06-2016,Sat,16-06-2016,Thu
12-06-2016,Sun,16-06-2016,Thu
13-06-2016,Mon,16-06-2016,Thu
14-06-2016,Tue,16-06-2016,Thu
15-06-2016,Wed,16-06-2016,Thu
16-06-2016,Thu,16-06-2016,Thu
17-06-2016,Fri,23-06-2016,Thu
18-06-2016,Sat,23-06-2016,Thu
19-06-2016,Sun,23-06-2016,Thu
20-06-2016,Mon,23-06-2016,Thu
21-06-2016,Tue,23-06-2016,Thu
22-06-2016,Wed,23-06-2016,Thu
23-06-2016,Thu,23-06-2016,Thu
24-06-2016,Fri,30-06-2016,Thu
25-06-2016,Sat,30-06-2016,Thu
26-06-2016,Sun,30-06-2016,Thu
27-06-2016,Mon,30-06-2016,Thu
28-06-2016,Tue,30-06-2016,Thu
29-06-2016,Wed,30-06-2016,Thu
30-06-2016,Thu,30-06-2016,Thu
01-07-2016,Fri,07-07-2016,Thu
02-07-2016,Sat,07-07-2016,Thu
03-07-2016,Sun,07-07-2016,Thu
04-07-2016,Mon,07-07-2016,Thu
05-07-2016,Tue,07-07-2016,Thu
06-07-2016,Wed,07-07-2016,Thu
07-07-2016,Thu,07-07-2016,Thu
08-07-2016,Fri,14-07-2016,Thu
09-07-2016,Sat,14-07-2016,Thu
10-07-2016,Sun,14-07-2016,Thu
11-07-2016,Mon,14-07-2016,Thu
12-07-2016,Tue,14-07-2016,Thu
13-07-2016,Wed,14-07-2016,Thu
14-07-2016,Thu,14-07-2016,Thu
15-07-2016,Fri,21-07-2016,Thu
16-07-2016,Sat,21-07-2016,Thu
17-07-2016,Sun,21-07-2016,Thu
18-07-2016,Mon,21-07-2016,Thu
19-07-2016,Tue,21-07-2016,Thu
20-07-2016,Wed,21-07-2016,Thu
21-07-2016,Thu,21-07-2016,Thu
22-07-2016,Fri,28-07-2016,Thu
23-07-2016,Sat,28-07-2016,Thu
24-07-2016,Sun,28-07-2016,Thu
25-07-2016,Mon,28-07-2016,Thu
26-07-2016,Tue,28-07-2016,Thu
27-07-2016,Wed,28-07-2016,Thu
28-07-2016,Thu,28-07-2016,Thu
29-07-2016,Fri,04-08-2016,Thu
30-07-2016,Sat,04-08-2016,Thu
31-07-2016,Sun,04-08-2016,Thu
01-08-2016,Mon,04-08-2016,Thu
02-08-2016,Tue,04-08-2016,Thu
03-08-2016,Wed,04-08-2016,Thu
04-08-2016,Thu,04-08-2016,Thu
05-08-2016,Fri,11-08-2016,Thu
06-08-2016,Sat,11-08-2016,Thu
07-08-2016,Sun,11-08-2016,Thu
08-08-2016,Mon,11-08-2016,Thu
09-08-2016,Tue,11-08-2016,Thu
10-08-2016,Wed,11-08-2016,Thu
11-08-2016,Thu,11-08-2016,Thu
12-08-2016,Fri,18-08-2016,Thu
13-08-2016,Sat,18-08-2016,Thu
14-08-2016,Sun,18-08-2016,Thu
15-08-2016,Mon,18-08-2016,Thu
16-08-2016,Tue,18-08-2016,Thu
17-08-2016,Wed,18-08-2016,Thu
18-08-2016,Thu,18-08-2016,Thu
19-08-2016,Fri,25-08-2016,Thu
20-08-2016,Sat,25-08-2016,Thu
21-08-2016,Sun,25-08-2016,Thu
22-08-2016,Mon,25-08-2016,Thu
23-08-2016,Tue,25-08-2016,Thu
24-08-2016,Wed,25-08-2016,Thu
25-08-2016,Thu,25-08-2016,Thu
26-08-2016,Fri,01-09-2016,Thu
27-08-2016,Sat,01-09-2016,Thu
28-08-2016,Sun,01-09-2016,Thu
29-08-2016,Mon,01-09-2016,Thu
30-08-2016,Tue,01-09-2016,Thu
31-08-2016,Wed,01-09-2016,Thu
01-09-2016,Thu,01-09-2016,Thu
02-09-2016,Fri,08-09-2016,Thu
03-09-2016,Sat,08-09-2016,Thu
04-09-2016,Sun,08-09-2016,Thu
05-09-2016,Mon,08-09-2016,Thu
06-09-2016,Tue,08-09-2016,Thu
07-09-2016,Wed,08-09-2016,Thu
08-09-2016,Thu,08-09-2016,Thu
09-09-2016,Fri,15-09-2016,Thu
10-09-2016,Sat,15-09-2016,Thu
11-09-2016,Sun,15-09-2016,Thu
12-09-2016,Mon,15-09-2016,Thu
13-09-2016,Tue,15-09-2016,Thu
14-09-2016,Wed,15-09-2016,Thu
15-09-2016,Thu,15-09-2016,Thu
16-09-2016,Fri,22-09-2016,Thu
17-09-2016,Sat,22-09-2016,Thu
18-09-2016,Sun,22-09-2016,Thu
19-09-2016,Mon,22-09-2016,Thu
20-09-2016,Tue,22-09-2016,Thu
21-09-2016,Wed,22-09-2016,Thu
22-09-2016,Thu,22-09-2016,Thu
23-09-2016,Fri,29-09-2016,Thu
24-09-2016,Sat,29-09-2016,Thu
25-09-2016,Sun,29-09-2016,Thu
26-09-2016,Mon,29-09-2016,Thu
27-09-2016,Tue,29-09-2016,Thu
28-09-2016,Wed,29-09-2016,Thu
29-09-2016,Thu,29-09-2016,Thu
30-09-2016,Fri,06-10-2016,Thu
01-10-2016,Sat,06-10-2016,Thu
02-10-2016,Sun,06-10-2016,Thu
03-10-2016,Mon,06-10-2016,Thu
04-10-2016,Tue,06-10-2016,Thu
05-10-2016,Wed,06-10-2016,Thu
06-10-2016,Thu,06-10-2016,Thu
07-10-2016,Fri,13-10-2016,Thu
08-10-2016,Sat,13-10-2016,Thu
09-10-2016,Sun,13-10-2016,Thu
10-10-2016,Mon,13-10-2016,Thu
11-10-2016,Tue,13-10-2016,Thu
12-10-2016,Wed,13-10-2016,Thu
13-10-2016,Thu,13-10-2016,Thu
14-10-2016,Fri,20-10-2016,Thu
15-10-2016,Sat,20-10-2016,Thu
16-10-2016,Sun,20-10-2016,Thu
17-10-2016,Mon,20-10-2016,Thu
18-10-2016,Tue,20-10-2016,Thu
19-10-2016,Wed,20-10-2016,Thu
20-10-2016,Thu,20-10-2016,Thu
21-10-2016,Fri,27-10-2016,Thu
22-10-2016,Sat,27-10-2016,Thu
23-10-2016,Sun,27-10-2016,Thu
24-10-2016,Mon,27-10-2016,Thu
25-10-2016,Tue,27-10-2016,Thu
26-10-2016,Wed,27-10-2016,Thu
27-10-2016,Thu,27-10-2016,Thu
28-10-2016,Fri,03-11-2016,Thu
29-10-2016,Sat,03-11-2016,Thu
30-10-2016,Sun,03-11-2016,Thu
31-10-2016,Mon,03-11-2016,Thu
01-11-2016,Tue,03-11-2016,Thu
02-11-2016,Wed,03-11-2016,Thu
03-11-2016,Thu,03-11-2016,Thu
04-11-2016,Fri,10-11-2016,Thu
05-11-2016,Sat,10-11-2016,Thu
06-11-2016,Sun,10-11-2016,Thu
07-11-2016,Mon,10-11-2016,Thu
08-11-2016,Tue,10-11-2016,Thu
09-11-2016,Wed,10-11-2016,Thu
10-11-2016,Thu,10-11-2016,Thu
11-11-2016,Fri,17-11-2016,Thu
12-11-2016,Sat,17-11-2016,Thu
13-11-2016,Sun,17-11-2016,Thu
14-11-2016,Mon,17-11-2016,Thu
15-11-2016,Tue,17-11-2016,Thu
16-11-2016,Wed,17-11-2016,Thu
17-11-2016,Thu,17-11-2016,Thu
18-11-2016,Fri,24-11-2016,Thu
19-11-2016,Sat,24-11-2016,Thu
20-11-2016,Sun,24-11-2016,Thu
21-11-2016,Mon,24-11-2016,Thu
22-11-2016,Tue,24-11-2016,Thu
23-11-2016,Wed,24-11-2016,Thu
24-11-2016,Thu,24-11-2016,Thu
25-11-2016,Fri,01-12-2016,Thu
26-11-2016,Sat,01-12-2016,Thu
27-11-2016,Sun,01-12-2016,Thu
28-11-2016,Mon,01-12-2016,Thu
29-11-2016,Tue,01-12-2016,Thu
30-11-2016,Wed,01-12-2016,Thu
01-12-2016,Thu,01-12-2016,Thu
02-12-2016,Fri,08-12-2016,Thu
03-12-2016,Sat,08-12-2016,Thu
04-12-2016,Sun,08-12-2016,Thu
05-12-2016,Mon,08-12-2016,Thu
06-12-2016,Tue,08-12-2016,Thu
07-12-2016,Wed,08-12-2016,Thu
08-12-2016,Thu,08-12-2016,Thu
09-12-2016,Fri,15-12-2016,Thu
10-12-2016,Sat,15-12-2016,Thu
11-12-2016,Sun,15-12-2016,Thu
12-12-2016,Mon,15-12-2016,Thu
13-12-2016,Tue,15-12-2016,Thu
14-12-2016,Wed,15-12-2016,Thu
15-12-2016,Thu,15-12-2016,Thu
16-12-2016,Fri,22-12-2016,Thu
17-12-2016,Sat,22-12-2016,Thu
18-12-2016,Sun,22-12-2016,Thu
19-12-2016,Mon,22-12-2016,Thu
20-12-2016,Tue,22-12-2016,Thu
21-12-2016,Wed,22-12-2016,Thu
22-12-2016,Thu,22-12-2016,Thu
23-12-2016,Fri,29-12-2016,Thu
24-12-2016,Sat,29-12-2016,Thu
25-12-2016,Sun,29-12-2016,Thu
26-12-2016,Mon,29-12-2016,Thu
27-12-2016,Tue,29-12-2016,Thu
28-12-2016,Wed,29-12-2016,Thu
29-12-2016,Thu,29-12-2016,Thu
30-12-2016,Fri,05-01-2017,Thu
31-12-2016,Sat,05-01-2017,Thu
01-01-2017,Sun,05-01-2017,Thu
02-01-2017,Mon,05-01-2017,Thu
03-01-2017,Tue,05-01-2017,Thu
04-01-2017,Wed,05-01-2017,Thu
05-01-2017,Thu,05-01-2017,Thu
06-01-2017,Fri,12-01-2017,Thu
07-01-2017,Sat,12-01-2017,Thu
08-01-2017,Sun,12-01-2017,Thu
09-01-2017,Mon,12-01-2017,Thu
10-01-2017,Tue,12-01-2017,Thu
11-01-2017,Wed,12-01-2017,Thu
12-01-2017,Thu,12-01-2017,Thu
13-01-2017,Fri,19-01-2017,Thu
14-01-2017,Sat,19-01-2017,Thu
15-01-2017,Sun,19-01-2017,Thu
16-01-2017,Mon,19-01-2017,Thu
17-01-2017,Tue,19-01-2017,Thu
18-01-2017,Wed,19-01-2017,Thu
19-01-2017,Thu,19-01-2017,Thu
20-01-2017,Fri,25-01-2017,Wed
21-01-2017,Sat,25-01-2017,Wed
22-01-2017,Sun,25-01-2017,Wed
23-01-2017,Mon,25-01-2017,Wed
24-01-2017,Tue,25-01-2017,Wed
25-01-2017,Wed,25-01-2017,Wed
26-01-2017,Thu,25-01-2017,Wed
27-01-2017,Fri,02-02-2017,Thu
28-01-2017,Sat,02-02-2017,Thu
29-01-2017,Sun,02-02-2017,Thu
30-01-2017,Mon,02-02-2017,Thu
31-01-2017,Tue,02-02-2017,Thu
01-02-2017,Wed,02-02-2017,Thu
02-02-2017,Thu,02-02-2017,Thu
03-02-2017,Fri,09-02-2017,Thu
04-02-2017,Sat,09-02-2017,Thu
05-02-2017,Sun,09-02-2017,Thu
06-02-2017,Mon,09-02-2017,Thu
07-02-2017,Tue,09-02-2017,Thu
08-02-2017,Wed,09-02-2017,Thu
09-02-2017,Thu,09-02-2017,Thu
10-02-2017,Fri,16-02-2017,Thu
11-02-2017,Sat,16-02-2017,Thu
12-02-2017,Sun,16-02-2017,Thu
13-02-2017,Mon,16-02-2017,Thu
14-02-2017,Tue,16-02-2017,Thu
15-02-2017,Wed,16-02-2017,Thu
16-02-2017,Thu,16-02-2017,Thu
17-02-2017,Fri,23-02-2017,Thu
18-02-2017,Sat,23-02-2017,Thu
19-02-2017,Sun,23-02-2017,Thu
20-02-2017,Mon,23-02-2017,Thu
21-02-2017,Tue,23-02-2017,Thu
22-02-2017,Wed,23-02-2017,Thu
23-02-2017,Thu,23-02-2017,Thu
24-02-2017,Fri,02-03-2017,Thu
25-02-2017,Sat,02-03-2017,Thu
26-02-2017,Sun,02-03-2017,Thu
27-02-2017,Mon,02-03-2017,Thu
28-02-2017,Tue,02-03-2017,Thu
01-03-2017,Wed,02-03-2017,Thu
02-03-2017,Thu,02-03-2017,Thu
03-03-2017,Fri,09-03-2017,Thu
04-03-2017,Sat,09-03-2017,Thu
05-03-2017,Sun,09-03-2017,Thu
06-03-2017,Mon,09-03-2017,Thu
07-03-2017,Tue,09-03-2017,Thu
08-03-2017,Wed,09-03-2017,Thu
09-03-2017,Thu,09-03-2017,Thu
10-03-2017,Fri,16-03-2017,Thu
11-03-2017,Sat,16-03-2017,Thu
12-03-2017,Sun,16-03-2017,Thu
13-03-2017,Mon,16-03-2017,Thu
14-03-2017,Tue,16-03-2017,Thu
15-03-2017,Wed,16-03-2017,Thu
16-03-2017,Thu,16-03-2017,Thu
17-03-2017,Fri,23-03-2017,Thu
18-03-2017,Sat,23-03-2017,Thu
19-03-2017,Sun,23-03-2017,Thu
20-03-2017,Mon,23-03-2017,Thu
21-03-2017,Tue,23-03-2017,Thu
22-03-2017,Wed,23-03-2017,Thu
23-03-2017,Thu,23-03-2017,Thu
24-03-2017,Fri,30-03-2017,Thu
25-03-2017,Sat,30-03-2017,Thu
26-03-2017,Sun,30-03-2017,Thu
27-03-2017,Mon,30-03-2017,Thu
28-03-2017,Tue,30-03-2017,Thu
29-03-2017,Wed,30-03-2017,Thu
30-03-2017,Thu,30-03-2017,Thu
31-03-2017,Fri,06-04-2017,Thu
01-04-2017,Sat,06-04-2017,Thu
02-04-2017,Sun,06-04-2017,Thu
03-04-2017,Mon,06-04-2017,Thu
04-04-2017,Tue,06-04-2017,Thu
05-04-2017,Wed,06-04-2017,Thu
06-04-2017,Thu,06-04-2017,Thu
07-04-2017,Fri,13-04-2017,Thu
08-04-2017,Sat,13-04-2017,Thu
09-04-2017,Sun,13-04-2017,Thu
10-04-2017,Mon,13-04-2017,Thu
11-04-2017,Tue,13-04-2017,Thu
12-04-2017,Wed,13-04-2017,Thu
13-04-2017,Thu,13-04-2017,Thu
14-04-2017,Fri,20-04-2017,Thu
15-04-2017,Sat,20-04-2017,Thu
16-04-2017,Sun,20-04-2017,Thu
17-04-2017,Mon,20-04-2017,Thu
18-04-2017,Tue,20-04-2017,Thu
19-04-2017,Wed,20-04-2017,Thu
20-04-2017,Thu,20-04-2017,Thu
21-04-2017,Fri,27-04-2017,Thu
22-04-2017,Sat,27-04-2017,Thu
23-04-2017,Sun,27-04-2017,Thu
24-04-2017,Mon,27-04-2017,Thu
25-04-2017,Tue,27-04-2017,Thu
26-04-2017,Wed,27-04-2017,Thu
27-04-2017,Thu,27-04-2017,Thu
28-04-2017,Fri,04-05-2017,Thu
29-04-2017,Sat,04-05-2017,Thu
30-04-2017,Sun,04-05-2017,Thu
01-05-2017,Mon,04-05-2017,Thu
02-05-2017,Tue,04-05-2017,Thu
03-05-2017,Wed,04-05-2017,Thu
04-05-2017,Thu,04-05-2017,Thu
05-05-2017,Fri,11-05-2017,Thu
06-05-2017,Sat,11-05-2017,Thu
07-05-2017,Sun,11-05-2017,Thu
08-05-2017,Mon,11-05-2017,Thu
09-05-2017,Tue,11-05-2017,Thu
10-05-2017,Wed,11-05-2017,Thu
11-05-2017,Thu,11-05-2017,Thu
12-05-2017,Fri,18-05-2017,Thu
13-05-2017,Sat,18-05-2017,Thu
14-05-2017,Sun,18-05-2017,Thu
15-05-2017,Mon,18-05-2017,Thu
16-05-2017,Tue,18-05-2017,Thu
17-05-2017,Wed,18-05-2017,Thu
18-05-2017,Thu,18-05-2017,Thu
19-05-2017,Fri,25-05-2017,Thu
20-05-2017,Sat,25-05-2017,Thu
21-05-2017,Sun,25-05-2017,Thu
22-05-2017,Mon,25-05-2017,Thu
23-05-2017,Tue,25-05-2017,Thu
24-05-2017,Wed,25-05-2017,Thu
25-05-2017,Thu,25-05-2017,Thu
26-05-2017,Fri,01-06-2017,Thu
27-05-2017,Sat,01-06-2017,Thu
28-05-2017,Sun,01-06-2017,Thu
29-05-2017,Mon,01-06-2017,Thu
30-05-2017,Tue,01-06-2017,Thu
31-05-2017,Wed,01-06-2017,Thu
01-06-2017,Thu,01-06-2017,Thu
02-06-2017,Fri,08-06-2017,Thu
03-06-2017,Sat,08-06-2017,Thu
04-06-2017,Sun,08-06-2017,Thu
05-06-2017,Mon,08-06-2017,Thu
06-06-2017,Tue,08-06-2017,Thu
07-06-2017,Wed,08-06-2017,Thu
08-06-2017,Thu,08-06-2017,Thu
09-06-2017,Fri,15-06-2017,Thu
10-06-2017,Sat,15-06-2017,Thu
11-06-2017,Sun,15-06-2017,Thu
12-06-2017,Mon,15-06-2017,Thu
13-06-2017,Tue,15-06-2017,Thu
14-06-2017,Wed,15-06-2017,Thu
15-06-2017,Thu,15-06-2017,Thu
16-06-2017,Fri,22-06-2017,Thu
17-06-2017,Sat,22-06-2017,Thu
18-06-2017,Sun,22-06-2017,Thu
19-06-2017,Mon,22-06-2017,Thu
20-06-2017,Tue,22-06-2017,Thu
21-06-2017,Wed,22-06-2017,Thu
22-06-2017,Thu,22-06-2017,Thu
23-06-2017,Fri,29-06-2017,Thu
24-06-2017,Sat,29-06-2017,Thu
25-06-2017,Sun,29-06-2017,Thu
26-06-2017,Mon,29-06-2017,Thu
27-06-2017,Tue,29-06-2017,Thu
28-06-2017,Wed,29-06-2017,Thu
29-06-2017,Thu,29-06-2017,Thu
30-06-2017,Fri,06-07-2017,Thu
01-07-2017,Sat,06-07-2017,Thu
02-07-2017,Sun,06-07-2017,Thu
03-07-2017,Mon,06-07-2017,Thu
04-07-2017,Tue,06-07-2017,Thu
05-07-2017,Wed,06-07-2017,Thu
06-07-2017,Thu,06-07-2017,Thu
07-07-2017,Fri,13-07-2017,Thu
08-07-2017,Sat,13-07-2017,Thu
09-07-2017,Sun,13-07-2017,Thu
10-07-2017,Mon,13-07-2017,Thu
11-07-2017,Tue,13-07-2017,Thu
12-07-2017,Wed,13-07-2017,Thu
13-07-2017,Thu,13-07-2017,Thu
14-07-2017,Fri,20-07-2017,Thu
15-07-2017,Sat,20-07-2017,Thu
16-07-2017,Sun,20-07-2017,Thu
17-07-2017,Mon,20-07-2017,Thu
18-07-2017,Tue,20-07-2017,Thu
19-07-2017,Wed,20-07-2017,Thu
20-07-2017,Thu,20-07-2017,Thu
21-07-2017,Fri,27-07-2017,Thu
22-07-2017,Sat,27-07-2017,Thu
23-07-2017,Sun,27-07-2017,Thu
24-07-2017,Mon,27-07-2017,Thu
25-07-2017,Tue,27-07-2017,Thu
26-07-2017,Wed,27-07-2017,Thu
27-07-2017,Thu,27-07-2017,Thu
28-07-2017,Fri,03-08-2017,Thu
29-07-2017,Sat,03-08-2017,Thu
30-07-2017,Sun,03-08-2017,Thu
31-07-2017,Mon,03-08-2017,Thu
01-08-2017,Tue,03-08-2017,Thu
02-08-2017,Wed,03-08-2017,Thu
03-08-2017,Thu,03-08-2017,Thu
04-08-2017,Fri,10-08-2017,Thu
05-08-2017,Sat,10-08-2017,Thu
06-08-2017,Sun,10-08-2017,Thu
07-08-2017,Mon,10-08-2017,Thu
08-08-2017,Tue,10-08-2017,Thu
09-08-2017,Wed,10-08-2017,Thu
10-08-2017,Thu,10-08-2017,Thu
11-08-2017,Fri,17-08-2017,Thu
12-08-2017,Sat,17-08-2017,Thu
13-08-2017,Sun,17-08-2017,Thu
14-08-2017,Mon,17-08-2017,Thu
15-08-2017,Tue,17-08-2017,Thu
16-08-2017,Wed,17-08-2017,Thu
17-08-2017,Thu,17-08-2017,Thu
18-08-2017,Fri,24-08-2017,Thu
19-08-2017,Sat,24-08-2017,Thu
20-08-2017,Sun,24-08-2017,Thu
21-08-2017,Mon,24-08-2017,Thu
22-08-2017,Tue,24-08-2017,Thu
23-08-2017,Wed,24-08-2017,Thu
24-08-2017,Thu,24-08-2017,Thu
25-08-2017,Fri,31-08-2017,Thu
26-08-2017,Sat,31-08-2017,Thu
27-08-2017,Sun,31-08-2017,Thu
28-08-2017,Mon,31-08-2017,Thu
29-08-2017,Tue,31-08-2017,Thu
30-08-2017,Wed,31-08-2017,Thu
31-08-2017,Thu,31-08-2017,Thu
01-09-2017,Fri,07-09-2017,Thu
02-09-2017,Sat,07-09-2017,Thu
03-09-2017,Sun,07-09-2017,Thu
04-09-2017,Mon,07-09-2017,Thu
05-09-2017,Tue,07-09-2017,Thu
06-09-2017,Wed,07-09-2017,Thu
07-09-2017,Thu,07-09-2017,Thu
08-09-2017,Fri,14-09-2017,Thu
09-09-2017,Sat,14-09-2017,Thu
10-09-2017,Sun,14-09-2017,Thu
11-09-2017,Mon,14-09-2017,Thu
12-09-2017,Tue,14-09-2017,Thu
13-09-2017,Wed,14-09-2017,Thu
14-09-2017,Thu,14-09-2017,Thu
15-09-2017,Fri,21-09-2017,Thu
16-09-2017,Sat,21-09-2017,Thu
17-09-2017,Sun,21-09-2017,Thu
18-09-2017,Mon,21-09-2017,Thu
19-09-2017,Tue,21-09-2017,Thu
20-09-2017,Wed,21-09-2017,Thu
21-09-2017,Thu,21-09-2017,Thu
22-09-2017,Fri,28-09-2017,Thu
23-09-2017,Sat,28-09-2017,Thu
24-09-2017,Sun,28-09-2017,Thu
25-09-2017,Mon,28-09-2017,Thu
26-09-2017,Tue,28-09-2017,Thu
27-09-2017,Wed,28-09-2017,Thu
28-09-2017,Thu,28-09-2017,Thu
29-09-2017,Fri,05-10-2017,Thu
30-09-2017,Sat,05-10-2017,Thu
01-10-2017,Sun,05-10-2017,Thu
02-10-2017,Mon,05-10-2017,Thu
03-10-2017,Tue,05-10-2017,Thu
04-10-2017,Wed,05-10-2017,Thu
05-10-2017,Thu,05-10-2017,Thu
06-10-2017,Fri,12-10-2017,Thu
07-10-2017,Sat,12-10-2017,Thu
08-10-2017,Sun,12-10-2017,Thu
09-10-2017,Mon,12-10-2017,Thu
10-10-2017,Tue,12-10-2017,Thu
11-10-2017,Wed,12-10-2017,Thu
12-10-2017,Thu,12-10-2017,Thu
13-10-2017,Fri,18-10-2017,Wed
14-10-2017,Sat,18-10-2017,Wed
15-10-2017,Sun,18-10-2017,Wed
16-10-2017,Mon,18-10-2017,Wed
17-10-2017,Tue,18-10-2017,Wed
18-10-2017,Wed,18-10-2017,Wed
19-10-2017,Thu,26-10-2017,Thu
20-10-2017,Fri,26-10-2017,Thu
21-10-2017,Sat,26-10-2017,Thu
22-10-2017,Sun,26-10-2017,Thu
23-10-2017,Mon,26-10-2017,Thu
24-10-2017,Tue,26-10-2017,Thu
25-10-2017,Wed,26-10-2017,Thu
26-10-2017,Thu,26-10-2017,Thu
27-10-2017,Fri,02-11-2017,Thu
28-10-2017,Sat,02-11-2017,Thu
29-10-2017,Sun,02-11-2017,Thu
30-10-2017,Mon,02-11-2017,Thu
31-10-2017,Tue,02-11-2017,Thu
01-11-2017,Wed,02-11-2017,Thu
02-11-2017,Thu,02-11-2017,Thu
03-11-2017,Fri,09-11-2017,Thu
04-11-2017,Sat,09-11-2017,Thu
05-11-2017,Sun,09-11-2017,Thu
06-11-2017,Mon,09-11-2017,Thu
07-11-2017,Tue,09-11-2017,Thu
08-11-2017,Wed,09-11-2017,Thu
09-11-2017,Thu,09-11-2017,Thu
10-11-2017,Fri,16-11-2017,Thu
11-11-2017,Sat,16-11-2017,Thu
12-11-2017,Sun,16-11-2017,Thu
13-11-2017,Mon,16-11-2017,Thu
14-11-2017,Tue,16-11-2017,Thu
15-11-2017,Wed,16-11-2017,Thu
16-11-2017,Thu,16-11-2017,Thu
17-11-2017,Fri,23-11-2017,Thu
18-11-2017,Sat,23-11-2017,Thu
19-11-2017,Sun,23-11-2017,Thu
20-11-2017,Mon,23-11-2017,Thu
21-11-2017,Tue,23-11-2017,Thu
22-11-2017,Wed,23-11-2017,Thu
23-11-2017,Thu,23-11-2017,Thu
24-11-2017,Fri,30-11-2017,Thu
25-11-2017,Sat,30-11-2017,Thu
26-11-2017,Sun,30-11-2017,Thu
27-11-2017,Mon,30-11-2017,Thu
28-11-2017,Tue,30-11-2017,Thu
29-11-2017,Wed,30-11-2017,Thu
30-11-2017,Thu,30-11-2017,Thu
01-12-2017,Fri,07-12-2017,Thu
02-12-2017,Sat,07-12-2017,Thu
03-12-2017,Sun,07-12-2017,Thu
04-12-2017,Mon,07-12-2017,Thu
05-12-2017,Tue,07-12-2017,Thu
06-12-2017,Wed,07-12-2017,Thu
07-12-2017,Thu,07-12-2017,Thu
08-12-2017,Fri,14-12-2017,Thu
09-12-2017,Sat,14-12-2017,Thu
10-12-2017,Sun,14-12-2017,Thu
11-12-2017,Mon,14-12-2017,Thu
12-12-2017,Tue,14-12-2017,Thu
13-12-2017,Wed,14-12-2017,Thu
14-12-2017,Thu,14-12-2017,Thu
15-12-2017,Fri,21-12-2017,Thu
16-12-2017,Sat,21-12-2017,Thu
17-12-2017,Sun,21-12-2017,Thu
18-12-2017,Mon,21-12-2017,Thu
19-12-2017,Tue,21-12-2017,Thu
20-12-2017,Wed,21-12-2017,Thu
21-12-2017,Thu,21-12-2017,Thu
22-12-2017,Fri,28-12-2017,Thu
23-12-2017,Sat,28-12-2017,Thu
24-12-2017,Sun,28-12-2017,Thu
25-12-2017,Mon,28-12-2017,Thu
26-12-2017,Tue,28-12-2017,Thu
27-12-2017,Wed,28-12-2017,Thu
28-12-2017,Thu,28-12-2017,Thu
29-12-2017,Fri,04-01-2018,Thu
30-12-2017,Sat,04-01-2018,Thu
31-12-2017,Sun,04-01-2018,Thu
01-01-2018,Mon,04-01-2018,Thu
02-01-2018,Tue,04-01-2018,Thu
03-01-2018,Wed,04-01-2018,Thu
04-01-2018,Thu,04-01-2018,Thu
05-01-2018,Fri,11-01-2018,Thu
06-01-2018,Sat,11-01-2018,Thu
07-01-2018,Sun,11-01-2018,Thu
08-01-2018,Mon,11-01-2018,Thu
09-01-2018,Tue,11-01-2018,Thu
10-01-2018,Wed,11-01-2018,Thu
11-01-2018,Thu,11-01-2018,Thu
12-01-2018,Fri,18-01-2018,Thu
13-01-2018,Sat,18-01-2018,Thu
14-01-2018,Sun,18-01-2018,Thu
15-01-2018,Mon,18-01-2018,Thu
16-01-2018,Tue,18-01-2018,Thu
17-01-2018,Wed,18-01-2018,Thu
18-01-2018,Thu,18-01-2018,Thu
19-01-2018,Fri,25-01-2018,Thu
20-01-2018,Sat,25-01-2018,Thu
21-01-2018,Sun,25-01-2018,Thu
22-01-2018,Mon,25-01-2018,Thu
23-01-2018,Tue,25-01-2018,Thu
24-01-2018,Wed,25-01-2018,Thu
25-01-2018,Thu,25-01-2018,Thu
26-01-2018,Fri,01-02-2018,Thu
27-01-2018,Sat,01-02-2018,Thu
28-01-2018,Sun,01-02-2018,Thu
29-01-2018,Mon,01-02-2018,Thu
30-01-2018,Tue,01-02-2018,Thu
31-01-2018,Wed,01-02-2018,Thu
01-02-2018,Thu,01-02-2018,Thu
02-02-2018,Fri,08-02-2018,Thu
03-02-2018,Sat,08-02-2018,Thu
04-02-2018,Sun,08-02-2018,Thu
05-02-2018,Mon,08-02-2018,Thu
06-02-2018,Tue,08-02-2018,Thu
07-02-2018,Wed,08-02-2018,Thu
08-02-2018,Thu,08-02-2018,Thu
09-02-2018,Fri,15-02-2018,Thu
10-02-2018,Sat,15-02-2018,Thu
11-02-2018,Sun,15-02-2018,Thu
12-02-2018,Mon,15-02-2018,Thu
13-02-2018,Tue,15-02-2018,Thu
14-02-2018,Wed,15-02-2018,Thu
15-02-2018,Thu,15-02-2018,Thu
16-02-2018,Fri,22-02-2018,Thu
17-02-2018,Sat,22-02-2018,Thu
18-02-2018,Sun,22-02-2018,Thu
19-02-2018,Mon,22-02-2018,Thu
20-02-2018,Tue,22-02-2018,Thu
21-02-2018,Wed,22-02-2018,Thu
22-02-2018,Thu,22-02-2018,Thu
23-02-2018,Fri,01-03-2018,Thu
24-02-2018,Sat,01-03-2018,Thu
25-02-2018,Sun,01-03-2018,Thu
26-02-2018,Mon,01-03-2018,Thu
27-02-2018,Tue,01-03-2018,Thu
28-02-2018,Wed,01-03-2018,Thu
01-03-2018,Thu,01-03-2018,Thu
02-03-2018,Fri,08-03-2018,Thu
03-03-2018,Sat,08-03-2018,Thu
04-03-2018,Sun,08-03-2018,Thu
05-03-2018,Mon,08-03-2018,Thu
06-03-2018,Tue,08-03-2018,Thu
07-03-2018,Wed,08-03-2018,Thu
08-03-2018,Thu,08-03-2018,Thu
09-03-2018,Fri,15-03-2018,Thu
10-03-2018,Sat,15-03-2018,Thu
11-03-2018,Sun,15-03-2018,Thu
12-03-2018,Mon,15-03-2018,Thu
13-03-2018,Tue,15-03-2018,Thu
14-03-2018,Wed,15-03-2018,Thu
15-03-2018,Thu,15-03-2018,Thu
16-03-2018,Fri,22-03-2018,Thu
17-03-2018,Sat,22-03-2018,Thu
18-03-2018,Sun,22-03-2018,Thu
19-03-2018,Mon,22-03-2018,Thu
20-03-2018,Tue,22-03-2018,Thu
21-03-2018,Wed,22-03-2018,Thu
22-03-2018,Thu,22-03-2018,Thu
23-03-2018,Fri,28-03-2018,Wed
24-03-2018,Sat,28-03-2018,Wed
25-03-2018,Sun,28-03-2018,Wed
26-03-2018,Mon,28-03-2018,Wed
27-03-2018,Tue,28-03-2018,Wed
28-03-2018,Wed,28-03-2018,Wed
29-03-2018,Thu,28-03-2018,Wed
30-03-2018,Fri,05-04-2018,Thu
31-03-2018,Sat,05-04-2018,Thu
01-04-2018,Sun,05-04-2018,Thu
02-04-2018,Mon,05-04-2018,Thu
03-04-2018,Tue,05-04-2018,Thu
04-04-2018,Wed,05-04-2018,Thu
05-04-2018,Thu,05-04-2018,Thu
06-04-2018,Fri,12-04-2018,Thu
07-04-2018,Sat,12-04-2018,Thu
08-04-2018,Sun,12-04-2018,Thu
09-04-2018,Mon,12-04-2018,Thu
10-04-2018,Tue,12-04-2018,Thu
11-04-2018,Wed,12-04-2018,Thu
12-04-2018,Thu,12-04-2018,Thu
13-04-2018,Fri,19-04-2018,Thu
14-04-2018,Sat,19-04-2018,Thu
15-04-2018,Sun,19-04-2018,Thu
16-04-2018,Mon,19-04-2018,Thu
17-04-2018,Tue,19-04-2018,Thu
18-04-2018,Wed,19-04-2018,Thu
19-04-2018,Thu,19-04-2018,Thu
20-04-2018,Fri,26-04-2018,Thu
21-04-2018,Sat,26-04-2018,Thu
22-04-2018,Sun,26-04-2018,Thu
23-04-2018,Mon,26-04-2018,Thu
24-04-2018,Tue,26-04-2018,Thu
25-04-2018,Wed,26-04-2018,Thu
26-04-2018,Thu,26-04-2018,Thu
27-04-2018,Fri,03-05-2018,Thu
28-04-2018,Sat,03-05-2018,Thu
29-04-2018,Sun,03-05-2018,Thu
30-04-2018,Mon,03-05-2018,Thu
01-05-2018,Tue,03-05-2018,Thu
02-05-2018,Wed,03-05-2018,Thu
03-05-2018,Thu,03-05-2018,Thu
04-05-2018,Fri,10-05-2018,Thu
05-05-2018,Sat,10-05-2018,Thu
06-05-2018,Sun,10-05-2018,Thu
07-05-2018,Mon,10-05-2018,Thu
08-05-2018,Tue,10-05-2018,Thu
09-05-2018,Wed,10-05-2018,Thu
10-05-2018,Thu,10-05-2018,Thu
11-05-2018,Fri,17-05-2018,Thu
12-05-2018,Sat,17-05-2018,Thu
13-05-2018,Sun,17-05-2018,Thu
14-05-2018,Mon,17-05-2018,Thu
15-05-2018,Tue,17-05-2018,Thu
16-05-2018,Wed,17-05-2018,Thu
17-05-2018,Thu,17-05-2018,Thu
18-05-2018,Fri,24-05-2018,Thu
19-05-2018,Sat,24-05-2018,Thu
20-05-2018,Sun,24-05-2018,Thu
21-05-2018,Mon,24-05-2018,Thu
22-05-2018,Tue,24-05-2018,Thu
23-05-2018,Wed,24-05-2018,Thu
24-05-2018,Thu,24-05-2018,Thu
25-05-2018,Fri,31-05-2018,Thu
26-05-2018,Sat,31-05-2018,Thu
27-05-2018,Sun,31-05-2018,Thu
28-05-2018,Mon,31-05-2018,Thu
29-05-2018,Tue,31-05-2018,Thu
30-05-2018,Wed,31-05-2018,Thu
31-05-2018,Thu,31-05-2018,Thu
01-06-2018,Fri,07-06-2018,Thu
02-06-2018,Sat,07-06-2018,Thu
03-06-2018,Sun,07-06-2018,Thu
04-06-2018,Mon,07-06-2018,Thu
05-06-2018,Tue,07-06-2018,Thu
06-06-2018,Wed,07-06-2018,Thu
07-06-2018,Thu,07-06-2018,Thu
08-06-2018,Fri,14-06-2018,Thu
09-06-2018,Sat,14-06-2018,Thu
10-06-2018,Sun,14-06-2018,Thu
11-06-2018,Mon,14-06-2018,Thu
12-06-2018,Tue,14-06-2018,Thu
13-06-2018,Wed,14-06-2018,Thu
14-06-2018,Thu,14-06-2018,Thu
15-06-2018,Fri,21-06-2018,Thu
16-06-2018,Sat,21-06-2018,Thu
17-06-2018,Sun,21-06-2018,Thu
18-06-2018,Mon,21-06-2018,Thu
19-06-2018,Tue,21-06-2018,Thu
20-06-2018,Wed,21-06-2018,Thu
21-06-2018,Thu,21-06-2018,Thu
22-06-2018,Fri,28-06-2018,Thu
23-06-2018,Sat,28-06-2018,Thu
24-06-2018,Sun,28-06-2018,Thu
25-06-2018,Mon,28-06-2018,Thu
26-06-2018,Tue,28-06-2018,Thu
27-06-2018,Wed,28-06-2018,Thu
28-06-2018,Thu,28-06-2018,Thu
29-06-2018,Fri,05-07-2018,Thu
30-06-2018,Sat,05-07-2018,Thu
01-07-2018,Sun,05-07-2018,Thu
02-07-2018,Mon,05-07-2018,Thu
03-07-2018,Tue,05-07-2018,Thu
04-07-2018,Wed,05-07-2018,Thu
05-07-2018,Thu,05-07-2018,Thu
06-07-2018,Fri,12-07-2018,Thu
07-07-2018,Sat,12-07-2018,Thu
08-07-2018,Sun,12-07-2018,Thu
09-07-2018,Mon,12-07-2018,Thu
10-07-2018,Tue,12-07-2018,Thu
11-07-2018,Wed,12-07-2018,Thu
12-07-2018,Thu,12-07-2018,Thu
13-07-2018,Fri,19-07-2018,Thu
14-07-2018,Sat,19-07-2018,Thu
15-07-2018,Sun,19-07-2018,Thu
16-07-2018,Mon,19-07-2018,Thu
17-07-2018,Tue,19-07-2018,Thu
18-07-2018,Wed,19-07-2018,Thu
19-07-2018,Thu,19-07-2018,Thu
20-07-2018,Fri,26-07-2018,Thu
21-07-2018,Sat,26-07-2018,Thu
22-07-2018,Sun,26-07-2018,Thu
23-07-2018,Mon,26-07-2018,Thu
24-07-2018,Tue,26-07-2018,Thu
25-07-2018,Wed,26-07-2018,Thu
26-07-2018,Thu,26-07-2018,Thu
27-07-2018,Fri,02-08-2018,Thu
28-07-2018,Sat,02-08-2018,Thu
29-07-2018,Sun,02-08-2018,Thu
30-07-2018,Mon,02-08-2018,Thu
31-07-2018,Tue,02-08-2018,Thu
01-08-2018,Wed,02-08-2018,Thu
02-08-2018,Thu,02-08-2018,Thu
03-08-2018,Fri,09-08-2018,Thu
04-08-2018,Sat,09-08-2018,Thu
05-08-2018,Sun,09-08-2018,Thu
06-08-2018,Mon,09-08-2018,Thu
07-08-2018,Tue,09-08-2018,Thu
08-08-2018,Wed,09-08-2018,Thu
09-08-2018,Thu,09-08-2018,Thu
10-08-2018,Fri,16-08-2018,Thu
11-08-2018,Sat,16-08-2018,Thu
12-08-2018,Sun,16-08-2018,Thu
13-08-2018,Mon,16-08-2018,Thu
14-08-2018,Tue,16-08-2018,Thu
15-08-2018,Wed,16-08-2018,Thu
16-08-2018,Thu,16-08-2018,Thu
17-08-2018,Fri,23-08-2018,Thu
18-08-2018,Sat,23-08-2018,Thu
19-08-2018,Sun,23-08-2018,Thu
20-08-2018,Mon,23-08-2018,Thu
21-08-2018,Tue,23-08-2018,Thu
22-08-2018,Wed,23-08-2018,Thu
23-08-2018,Thu,23-08-2018,Thu
24-08-2018,Fri,30-08-2018,Thu
25-08-2018,Sat,30-08-2018,Thu
26-08-2018,Sun,30-08-2018,Thu
27-08-2018,Mon,30-08-2018,Thu
28-08-2018,Tue,30-08-2018,Thu
29-08-2018,Wed,30-08-2018,Thu
30-08-2018,Thu,30-08-2018,Thu
31-08-2018,Fri,06-09-2018,Thu
01-09-2018,Sat,06-09-2018,Thu
02-09-2018,Sun,06-09-2018,Thu
03-09-2018,Mon,06-09-2018,Thu
04-09-2018,Tue,06-09-2018,Thu
05-09-2018,Wed,06-09-2018,Thu
06-09-2018,Thu,06-09-2018,Thu
07-09-2018,Fri,12-09-2018,Wed
08-09-2018,Sat,12-09-2018,Wed
09-09-2018,Sun,12-09-2018,Wed
10-09-2018,Mon,12-09-2018,Wed
11-09-2018,Tue,12-09-2018,Wed
12-09-2018,Wed,12-09-2018,Wed
13-09-2018,Thu,12-09-2018,Wed
14-09-2018,Fri,19-09-2018,Wed
15-09-2018,Sat,19-09-2018,Wed
16-09-2018,Sun,19-09-2018,Wed
17-09-2018,Mon,19-09-2018,Wed
18-09-2018,Tue,19-09-2018,Wed
19-09-2018,Wed,19-09-2018,Wed
20-09-2018,Thu,19-09-2018,Wed
21-09-2018,Fri,27-09-2018,Thu
22-09-2018,Sat,27-09-2018,Thu
23-09-2018,Sun,27-09-2018,Thu
24-09-2018,Mon,27-09-2018,Thu
25-09-2018,Tue,27-09-2018,Thu
26-09-2018,Wed,27-09-2018,Thu
27-09-2018,Thu,27-09-2018,Thu
28-09-2018,Fri,04-10-2018,Thu
29-09-2018,Sat,04-10-2018,Thu
30-09-2018,Sun,04-10-2018,Thu
01-10-2018,Mon,04-10-2018,Thu
02-10-2018,Tue,04-10-2018,Thu
03-10-2018,Wed,04-10-2018,Thu
04-10-2018,Thu,04-10-2018,Thu
05-10-2018,Fri,11-10-2018,Thu
06-10-2018,Sat,11-10-2018,Thu
07-10-2018,Sun,11-10-2018,Thu
08-10-2018,Mon,11-10-2018,Thu
09-10-2018,Tue,11-10-2018,Thu
10-10-2018,Wed,11-10-2018,Thu
11-10-2018,Thu,11-10-2018,Thu
12-10-2018,Fri,17-10-2018,Wed
13-10-2018,Sat,17-10-2018,Wed
14-10-2018,Sun,17-10-2018,Wed
15-10-2018,Mon,17-10-2018,Wed
16-10-2018,Tue,17-10-2018,Wed
17-10-2018,Wed,17-10-2018,Wed
18-10-2018,Thu,17-10-2018,Wed
19-10-2018,Fri,25-10-2018,Thu
20-10-2018,Sat,25-10-2018,Thu
21-10-2018,Sun,25-10-2018,Thu
22-10-2018,Mon,25-10-2018,Thu
23-10-2018,Tue,25-10-2018,Thu
24-10-2018,Wed,25-10-2018,Thu
25-10-2018,Thu,25-10-2018,Thu
26-10-2018,Fri,01-11-2018,Thu
27-10-2018,Sat,01-11-2018,Thu
28-10-2018,Sun,01-11-2018,Thu
29-10-2018,Mon,01-11-2018,Thu
30-10-2018,Tue,01-11-2018,Thu
31-10-2018,Wed,01-11-2018,Thu
01-11-2018,Thu,01-11-2018,Thu
02-11-2018,Fri,06-11-2018,Tue
03-11-2018,Sat,06-11-2018,Tue
04-11-2018,Sun,06-11-2018,Tue
05-11-2018,Mon,06-11-2018,Tue
06-11-2018,Tue,06-11-2018,Tue
07-11-2018,Wed,06-11-2018,Tue
08-11-2018,Thu,06-11-2018,Tue
09-11-2018,Fri,15-11-2018,Thu
10-11-2018,Sat,15-11-2018,Thu
11-11-2018,Sun,15-11-2018,Thu
12-11-2018,Mon,15-11-2018,Thu
13-11-2018,Tue,15-11-2018,Thu
14-11-2018,Wed,15-11-2018,Thu
15-11-2018,Thu,15-11-2018,Thu
16-11-2018,Fri,22-11-2018,Thu
17-11-2018,Sat,22-11-2018,Thu
18-11-2018,Sun,22-11-2018,Thu
19-11-2018,Mon,22-11-2018,Thu
20-11-2018,Tue,22-11-2018,Thu
21-11-2018,Wed,22-11-2018,Thu
22-11-2018,Thu,22-11-2018,Thu
23-11-2018,Fri,29-11-2018,Thu
24-11-2018,Sat,29-11-2018,Thu
25-11-2018,Sun,29-11-2018,Thu
26-11-2018,Mon,29-11-2018,Thu
27-11-2018,Tue,29-11-2018,Thu
28-11-2018,Wed,29-11-2018,Thu
29-11-2018,Thu,29-11-2018,Thu
30-11-2018,Fri,06-12-2018,Thu
01-12-2018,Sat,06-12-2018,Thu
02-12-2018,Sun,06-12-2018,Thu
03-12-2018,Mon,06-12-2018,Thu
04-12-2018,Tue,06-12-2018,Thu
05-12-2018,Wed,06-12-2018,Thu
06-12-2018,Thu,06-12-2018,Thu
07-12-2018,Fri,13-12-2018,Thu
08-12-2018,Sat,13-12-2018,Thu
09-12-2018,Sun,13-12-2018,Thu
10-12-2018,Mon,13-12-2018,Thu
11-12-2018,Tue,13-12-2018,Thu
12-12-2018,Wed,13-12-2018,Thu
13-12-2018,Thu,13-12-2018,Thu
14-12-2018,Fri,20-12-2018,Thu
15-12-2018,Sat,20-12-2018,Thu
16-12-2018,Sun,20-12-2018,Thu
17-12-2018,Mon,20-12-2018,Thu
18-12-2018,Tue,20-12-2018,Thu
19-12-2018,Wed,20-12-2018,Thu
20-12-2018,Thu,20-12-2018,Thu
21-12-2018,Fri,27-12-2018,Thu
22-12-2018,Sat,27-12-2018,Thu
23-12-2018,Sun,27-12-2018,Thu
24-12-2018,Mon,27-12-2018,Thu
25-12-2018,Tue,27-12-2018,Thu
26-12-2018,Wed,27-12-2018,Thu
27-12-2018,Thu,27-12-2018,Thu
28-12-2018,Fri,03-01-2019,Thu
29-12-2018,Sat,03-01-2019,Thu
30-12-2018,Sun,03-01-2019,Thu
31-12-2018,Mon,03-01-2019,Thu
01-01-2019,Tue,03-01-2019,Thu
02-01-2019,Wed,03-01-2019,Thu
03-01-2019,Thu,03-01-2019,Thu
04-01-2019,Fri,10-01-2019,Thu
05-01-2019,Sat,10-01-2019,Thu
06-01-2019,Sun,10-01-2019,Thu
07-01-2019,Mon,10-01-2019,Thu
08-01-2019,Tue,10-01-2019,Thu
09-01-2019,Wed,10-01-2019,Thu
10-01-2019,Thu,10-01-2019,Thu
11-01-2019,Fri,17-01-2019,Thu
12-01-2019,Sat,17-01-2019,Thu
13-01-2019,Sun,17-01-2019,Thu
14-01-2019,Mon,17-01-2019,Thu
15-01-2019,Tue,17-01-2019,Thu
16-01-2019,Wed,17-01-2019,Thu
17-01-2019,Thu,17-01-2019,Thu
18-01-2019,Fri,24-01-2019,Thu
19-01-2019,Sat,24-01-2019,Thu
20-01-2019,Sun,24-01-2019,Thu
21-01-2019,Mon,24-01-2019,Thu
22-01-2019,Tue,24-01-2019,Thu
23-01-2019,Wed,24-01-2019,Thu
24-01-2019,Thu,24-01-2019,Thu
25-01-2019,Fri,31-01-2019,Thu
26-01-2019,Sat,31-01-2019,Thu
27-01-2019,Sun,31-01-2019,Thu
28-01-2019,Mon,31-01-2019,Thu
29-01-2019,Tue,31-01-2019,Thu
30-01-2019,Wed,31-01-2019,Thu
31-01-2019,Thu,31-01-2019,Thu
01-02-2019,Fri,07-02-2019,Thu
02-02-2019,Sat,07-02-2019,Thu
03-02-2019,Sun,07-02-2019,Thu
04-02-2019,Mon,07-02-2019,Thu
05-02-2019,Tue,07-02-2019,Thu
06-02-2019,Wed,07-02-2019,Thu
07-02-2019,Thu,07-02-2019,Thu
08-02-2019,Fri,14-02-2019,Thu
09-02-2019,Sat,14-02-2019,Thu
10-02-2019,Sun,14-02-2019,Thu
11-02-2019,Mon,14-02-2019,Thu
12-02-2019,Tue,14-02-2019,Thu
13-02-2019,Wed,14-02-2019,Thu
14-02-2019,Thu,14-02-2019,Thu
15-02-2019,Fri,21-02-2019,Thu
16-02-2019,Sat,21-02-2019,Thu
17-02-2019,Sun,21-02-2019,Thu
18-02-2019,Mon,21-02-2019,Thu
19-02-2019,Tue,21-02-2019,Thu
20-02-2019,Wed,21-02-2019,Thu
21-02-2019,Thu,21-02-2019,Thu
22-02-2019,Fri,28-02-2019,Thu
23-02-2019,Sat,28-02-2019,Thu
24-02-2019,Sun,28-02-2019,Thu
25-02-2019,Mon,28-02-2019,Thu
26-02-2019,Tue,28-02-2019,Thu
27-02-2019,Wed,28-02-2019,Thu
28-02-2019,Thu,28-02-2019,Thu
01-03-2019,Fri,07-03-2019,Thu
02-03-2019,Sat,07-03-2019,Thu
03-03-2019,Sun,07-03-2019,Thu
04-03-2019,Mon,07-03-2019,Thu
05-03-2019,Tue,07-03-2019,Thu
06-03-2019,Wed,07-03-2019,Thu
07-03-2019,Thu,07-03-2019,Thu
08-03-2019,Fri,14-03-2019,Thu
09-03-2019,Sat,14-03-2019,Thu
10-03-2019,Sun,14-03-2019,Thu
11-03-2019,Mon,14-03-2019,Thu
12-03-2019,Tue,14-03-2019,Thu
13-03-2019,Wed,14-03-2019,Thu
14-03-2019,Thu,14-03-2019,Thu
15-03-2019,Fri,20-03-2019,Wed
16-03-2019,Sat,20-03-2019,Wed
17-03-2019,Sun,20-03-2019,Wed
18-03-2019,Mon,20-03-2019,Wed
19-03-2019,Tue,20-03-2019,Wed
20-03-2019,Wed,20-03-2019,Wed
21-03-2019,Thu,20-03-2019,Wed
22-03-2019,Fri,28-03-2019,Thu
23-03-2019,Sat,28-03-2019,Thu
24-03-2019,Sun,28-03-2019,Thu
25-03-2019,Mon,28-03-2019,Thu
26-03-2019,Tue,28-03-2019,Thu
27-03-2019,Wed,28-03-2019,Thu
28-03-2019,Thu,28-03-2019,Thu
29-03-2019,Fri,04-04-2019,Thu
30-03-2019,Sat,04-04-2019,Thu
31-03-2019,Sun,04-04-2019,Thu
01-04-2019,Mon,04-04-2019,Thu
02-04-2019,Tue,04-04-2019,Thu
03-04-2019,Wed,04-04-2019,Thu
04-04-2019,Thu,04-04-2019,Thu
05-04-2019,Fri,11-04-2019,Thu
06-04-2019,Sat,11-04-2019,Thu
07-04-2019,Sun,11-04-2019,Thu
08-04-2019,Mon,11-04-2019,Thu
09-04-2019,Tue,11-04-2019,Thu
10-04-2019,Wed,11-04-2019,Thu
11-04-2019,Thu,11-04-2019,Thu
12-04-2019,Fri,18-04-2019,Thu
13-04-2019,Sat,18-04-2019,Thu
14-04-2019,Sun,18-04-2019,Thu
15-04-2019,Mon,18-04-2019,Thu
16-04-2019,Tue,18-04-2019,Thu
17-04-2019,Wed,18-04-2019,Thu
18-04-2019,Thu,18-04-2019,Thu
19-04-2019,Fri,25-04-2019,Thu
20-04-2019,Sat,25-04-2019,Thu
21-04-2019,Sun,25-04-2019,Thu
22-04-2019,Mon,25-04-2019,Thu
23-04-2019,Tue,25-04-2019,Thu
24-04-2019,Wed,25-04-2019,Thu
25-04-2019,Thu,25-04-2019,Thu
26-04-2019,Fri,02-05-2019,Thu
27-04-2019,Sat,02-05-2019,Thu
28-04-2019,Sun,02-05-2019,Thu
29-04-2019,Mon,02-05-2019,Thu
30-04-2019,Tue,02-05-2019,Thu
01-05-2019,Wed,02-05-2019,Thu
02-05-2019,Thu,02-05-2019,Thu
03-05-2019,Fri,09-05-2019,Thu
04-05-2019,Sat,09-05-2019,Thu
05-05-2019,Sun,09-05-2019,Thu
06-05-2019,Mon,09-05-2019,Thu
07-05-2019,Tue,09-05-2019,Thu
08-05-2019,Wed,09-05-2019,Thu
09-05-2019,Thu,09-05-2019,Thu
10-05-2019,Fri,16-05-2019,Thu
11-05-2019,Sat,16-05-2019,Thu
12-05-2019,Sun,16-05-2019,Thu
13-05-2019,Mon,16-05-2019,Thu
14-05-2019,Tue,16-05-2019,Thu
15-05-2019,Wed,16-05-2019,Thu
16-05-2019,Thu,16-05-2019,Thu
17-05-2019,Fri,23-05-2019,Thu
18-05-2019,Sat,23-05-2019,Thu
19-05-2019,Sun,23-05-2019,Thu
20-05-2019,Mon,23-05-2019,Thu
21-05-2019,Tue,23-05-2019,Thu
22-05-2019,Wed,23-05-2019,Thu
23-05-2019,Thu,23-05-2019,Thu
24-05-2019,Fri,30-05-2019,Thu
25-05-2019,Sat,30-05-2019,Thu
26-05-2019,Sun,30-05-2019,Thu
27-05-2019,Mon,30-05-2019,Thu
28-05-2019,Tue,30-05-2019,Thu
29-05-2019,Wed,30-05-2019,Thu
30-05-2019,Thu,30-05-2019,Thu
31-05-2019,Fri,06-06-2019,Thu
01-06-2019,Sat,06-06-2019,Thu
02-06-2019,Sun,06-06-2019,Thu
03-06-2019,Mon,06-06-2019,Thu
04-06-2019,Tue,06-06-2019,Thu
05-06-2019,Wed,06-06-2019,Thu
06-06-2019,Thu,06-06-2019,Thu
07-06-2019,Fri,13-06-2019,Thu
08-06-2019,Sat,13-06-2019,Thu
09-06-2019,Sun,13-06-2019,Thu
10-06-2019,Mon,13-06-2019,Thu
11-06-2019,Tue,13-06-2019,Thu
12-06-2019,Wed,13-06-2019,Thu
13-06-2019,Thu,13-06-2019,Thu
14-06-2019,Fri,20-06-2019,Thu
15-06-2019,Sat,20-06-2019,Thu
16-06-2019,Sun,20-06-2019,Thu
17-06-2019,Mon,20-06-2019,Thu
18-06-2019,Tue,20-06-2019,Thu
19-06-2019,Wed,20-06-2019,Thu
20-06-2019,Thu,20-06-2019,Thu
21-06-2019,Fri,27-06-2019,Thu
22-06-2019,Sat,27-06-2019,Thu
23-06-2019,Sun,27-06-2019,Thu
24-06-2019,Mon,27-06-2019,Thu
25-06-2019,Tue,27-06-2019,Thu
26-06-2019,Wed,27-06-2019,Thu
27-06-2019,Thu,27-06-2019,Thu
28-06-2019,Fri,04-07-2019,Thu
29-06-2019,Sat,04-07-2019,Thu
30-06-2019,Sun,04-07-2019,Thu
01-07-2019,Mon,04-07-2019,Thu
02-07-2019,Tue,04-07-2019,Thu
03-07-2019,Wed,04-07-2019,Thu
04-07-2019,Thu,04-07-2019,Thu
05-07-2019,Fri,11-07-2019,Thu
06-07-2019,Sat,11-07-2019,Thu
07-07-2019,Sun,11-07-2019,Thu
08-07-2019,Mon,11-07-2019,Thu
09-07-2019,Tue,11-07-2019,Thu
10-07-2019,Wed,11-07-2019,Thu
11-07-2019,Thu,11-07-2019,Thu
12-07-2019,Fri,18-07-2019,Thu
13-07-2019,Sat,18-07-2019,Thu
14-07-2019,Sun,18-07-2019,Thu
15-07-2019,Mon,18-07-2019,Thu
16-07-2019,Tue,18-07-2019,Thu
17-07-2019,Wed,18-07-2019,Thu
18-07-2019,Thu,18-07-2019,Thu
19-07-2019,Fri,25-07-2019,Thu
20-07-2019,Sat,25-07-2019,Thu
21-07-2019,Sun,25-07-2019,Thu
22-07-2019,Mon,25-07-2019,Thu
23-07-2019,Tue,25-07-2019,Thu
24-07-2019,Wed,25-07-2019,Thu
25-07-2019,Thu,25-07-2019,Thu
26-07-2019,Fri,01-08-2019,Thu
27-07-2019,Sat,01-08-2019,Thu
28-07-2019,Sun,01-08-2019,Thu
29-07-2019,Mon,01-08-2019,Thu
30-07-2019,Tue,01-08-2019,Thu
31-07-2019,Wed,01-08-2019,Thu
01-08-2019,Thu,01-08-2019,Thu
02-08-2019,Fri,08-08-2019,Thu
03-08-2019,Sat,08-08-2019,Thu
04-08-2019,Sun,08-08-2019,Thu
05-08-2019,Mon,08-08-2019,Thu
06-08-2019,Tue,08-08-2019,Thu
07-08-2019,Wed,08-08-2019,Thu
08-08-2019,Thu,08-08-2019,Thu
09-08-2019,Fri,14-08-2019,Wed
10-08-2019,Sat,14-08-2019,Wed
11-08-2019,Sun,14-08-2019,Wed
12-08-2019,Mon,14-08-2019,Wed
13-08-2019,Tue,14-08-2019,Wed
14-08-2019,Wed,14-08-2019,Wed
15-08-2019,Thu,14-08-2019,Wed
16-08-2019,Fri,22-08-2019,Thu
17-08-2019,Sat,22-08-2019,Thu
18-08-2019,Sun,22-08-2019,Thu
19-08-2019,Mon,22-08-2019,Thu
20-08-2019,Tue,22-08-2019,Thu
21-08-2019,Wed,22-08-2019,Thu
22-08-2019,Thu,22-08-2019,Thu
23-08-2019,Fri,29-08-2019,Thu
24-08-2019,Sat,29-08-2019,Thu
25-08-2019,Sun,29-08-2019,Thu
26-08-2019,Mon,29-08-2019,Thu
27-08-2019,Tue,29-08-2019,Thu
28-08-2019,Wed,29-08-2019,Thu
29-08-2019,Thu,29-08-2019,Thu
30-08-2019,Fri,05-09-2019,Thu
31-08-2019,Sat,05-09-2019,Thu
01-09-2019,Sun,05-09-2019,Thu
02-09-2019,Mon,05-09-2019,Thu
03-09-2019,Tue,05-09-2019,Thu
04-09-2019,Wed,05-09-2019,Thu
05-09-2019,Thu,05-09-2019,Thu
06-09-2019,Fri,12-09-2019,Thu
07-09-2019,Sat,12-09-2019,Thu
08-09-2019,Sun,12-09-2019,Thu
09-09-2019,Mon,12-09-2019,Thu
10-09-2019,Tue,12-09-2019,Thu
11-09-2019,Wed,12-09-2019,Thu
12-09-2019,Thu,12-09-2019,Thu
13-09-2019,Fri,19-09-2019,Thu
14-09-2019,Sat,19-09-2019,Thu
15-09-2019,Sun,19-09-2019,Thu
16-09-2019,Mon,19-09-2019,Thu
17-09-2019,Tue,19-09-2019,Thu
18-09-2019,Wed,19-09-2019,Thu
19-09-2019,Thu,19-09-2019,Thu
20-09-2019,Fri,26-09-2019,Thu
21-09-2019,Sat,26-09-2019,Thu
22-09-2019,Sun,26-09-2019,Thu
23-09-2019,Mon,26-09-2019,Thu
24-09-2019,Tue,26-09-2019,Thu
25-09-2019,Wed,26-09-2019,Thu
26-09-2019,Thu,26-09-2019,Thu
27-09-2019,Fri,03-10-2019,Thu
28-09-2019,Sat,03-10-2019,Thu
29-09-2019,Sun,03-10-2019,Thu
30-09-2019,Mon,03-10-2019,Thu
01-10-2019,Tue,03-10-2019,Thu
02-10-2019,Wed,03-10-2019,Thu
03-10-2019,Thu,03-10-2019,Thu
04-10-2019,Fri,10-10-2019,Thu
05-10-2019,Sat,10-10-2019,Thu
06-10-2019,Sun,10-10-2019,Thu
07-10-2019,Mon,10-10-2019,Thu
08-10-2019,Tue,10-10-2019,Thu
09-10-2019,Wed,10-10-2019,Thu
10-10-2019,Thu,10-10-2019,Thu
11-10-2019,Fri,17-10-2019,Thu
12-10-2019,Sat,17-10-2019,Thu
13-10-2019,Sun,17-10-2019,Thu
14-10-2019,Mon,17-10-2019,Thu
15-10-2019,Tue,17-10-2019,Thu
16-10-2019,Wed,17-10-2019,Thu
17-10-2019,Thu,17-10-2019,Thu
18-10-2019,Fri,24-10-2019,Thu
19-10-2019,Sat,24-10-2019,Thu
20-10-2019,Sun,24-10-2019,Thu
21-10-2019,Mon,24-10-2019,Thu
22-10-2019,Tue,24-10-2019,Thu
23-10-2019,Wed,24-10-2019,Thu
24-10-2019,Thu,24-10-2019,Thu
25-10-2019,Fri,31-10-2019,Thu
26-10-2019,Sat,31-10-2019,Thu
27-10-2019,Sun,31-10-2019,Thu
28-10-2019,Mon,31-10-2019,Thu
29-10-2019,Tue,31-10-2019,Thu
30-10-2019,Wed,31-10-2019,Thu
31-10-2019,Thu,31-10-2019,Thu
01-11-2019,Fri,07-11-2019,Thu
02-11-2019,Sat,07-11-2019,Thu
03-11-2019,Sun,07-11-2019,Thu
04-11-2019,Mon,07-11-2019,Thu
05-11-2019,Tue,07-11-2019,Thu
06-11-2019,Wed,07-11-2019,Thu
07-11-2019,Thu,07-11-2019,Thu
08-11-2019,Fri,14-11-2019,Thu
09-11-2019,Sat,14-11-2019,Thu
10-11-2019,Sun,14-11-2019,Thu
11-11-2019,Mon,14-11-2019,Thu
12-11-2019,Tue,14-11-2019,Thu
13-11-2019,Wed,14-11-2019,Thu
14-11-2019,Thu,14-11-2019,Thu
15-11-2019,Fri,21-11-2019,Thu
16-11-2019,Sat,21-11-2019,Thu
17-11-2019,Sun,21-11-2019,Thu
18-11-2019,Mon,21-11-2019,Thu
19-11-2019,Tue,21-11-2019,Thu
20-11-2019,Wed,21-11-2019,Thu
21-11-2019,Thu,21-11-2019,Thu
22-11-2019,Fri,28-11-2019,Thu
23-11-2019,Sat,28-11-2019,Thu
24-11-2019,Sun,28-11-2019,Thu
25-11-2019,Mon,28-11-2019,Thu
26-11-2019,Tue,28-11-2019,Thu
27-11-2019,Wed,28-11-2019,Thu
28-11-2019,Thu,28-11-2019,Thu
29-11-2019,Fri,05-12-2019,Thu
30-11-2019,Sat,05-12-2019,Thu
01-12-2019,Sun,05-12-2019,Thu
02-12-2019,Mon,05-12-2019,Thu
03-12-2019,Tue,05-12-2019,Thu
04-12-2019,Wed,05-12-2019,Thu
05-12-2019,Thu,05-12-2019,Thu
06-12-2019,Fri,12-12-2019,Thu
07-12-2019,Sat,12-12-2019,Thu
08-12-2019,Sun,12-12-2019,Thu
09-12-2019,Mon,12-12-2019,Thu
10-12-2019,Tue,12-12-2019,Thu
11-12-2019,Wed,12-12-2019,Thu
12-12-2019,Thu,12-12-2019,Thu
13-12-2019,Fri,19-12-2019,Thu
14-12-2019,Sat,19-12-2019,Thu
15-12-2019,Sun,19-12-2019,Thu
16-12-2019,Mon,19-12-2019,Thu
17-12-2019,Tue,19-12-2019,Thu
18-12-2019,Wed,19-12-2019,Thu
19-12-2019,Thu,19-12-2019,Thu
20-12-2019,Fri,26-12-2019,Thu
21-12-2019,Sat,26-12-2019,Thu
22-12-2019,Sun,26-12-2019,Thu
23-12-2019,Mon,26-12-2019,Thu
24-12-2019,Tue,26-12-2019,Thu
25-12-2019,Wed,26-12-2019,Thu
26-12-2019,Thu,26-12-2019,Thu
27-12-2019,Fri,02-01-2020,Thu
28-12-2019,Sat,02-01-2020,Thu
29-12-2019,Sun,02-01-2020,Thu
30-12-2019,Mon,02-01-2020,Thu
31-12-2019,Tue,02-01-2020,Thu
01-01-2020,Wed,02-01-2020,Thu
02-01-2020,Thu,02-01-2020,Thu
03-01-2020,Fri,09-01-2020,Thu
04-01-2020,Sat,09-01-2020,Thu
05-01-2020,Sun,09-01-2020,Thu
06-01-2020,Mon,09-01-2020,Thu
07-01-2020,Tue,09-01-2020,Thu
08-01-2020,Wed,09-01-2020,Thu
09-01-2020,Thu,09-01-2020,Thu
10-01-2020,Fri,16-01-2020,Thu
11-01-2020,Sat,16-01-2020,Thu
12-01-2020,Sun,16-01-2020,Thu
13-01-2020,Mon,16-01-2020,Thu
14-01-2020,Tue,16-01-2020,Thu
15-01-2020,Wed,16-01-2020,Thu
16-01-2020,Thu,16-01-2020,Thu
17-01-2020,Fri,23-01-2020,Thu
18-01-2020,Sat,23-01-2020,Thu
19-01-2020,Sun,23-01-2020,Thu
20-01-2020,Mon,23-01-2020,Thu
21-01-2020,Tue,23-01-2020,Thu
22-01-2020,Wed,23-01-2020,Thu
23-01-2020,Thu,23-01-2020,Thu
24-01-2020,Fri,30-01-2020,Thu
25-01-2020,Sat,30-01-2020,Thu
26-01-2020,Sun,30-01-2020,Thu
27-01-2020,Mon,30-01-2020,Thu
28-01-2020,Tue,30-01-2020,Thu
29-01-2020,Wed,30-01-2020,Thu
30-01-2020,Thu,30-01-2020,Thu
31-01-2020,Fri,06-02-2020,Thu
01-02-2020,Sat,06-02-2020,Thu
02-02-2020,Sun,06-02-2020,Thu
03-02-2020,Mon,06-02-2020,Thu
04-02-2020,Tue,06-02-2020,Thu
05-02-2020,Wed,06-02-2020,Thu
06-02-2020,Thu,06-02-2020,Thu
07-02-2020,Fri,13-02-2020,Thu
08-02-2020,Sat,13-02-2020,Thu
09-02-2020,Sun,13-02-2020,Thu
10-02-2020,Mon,13-02-2020,Thu
11-02-2020,Tue,13-02-2020,Thu
12-02-2020,Wed,13-02-2020,Thu
13-02-2020,Thu,13-02-2020,Thu
14-02-2020,Fri,20-02-2020,Thu
15-02-2020,Sat,20-02-2020,Thu
16-02-2020,Sun,20-02-2020,Thu
17-02-2020,Mon,20-02-2020,Thu
18-02-2020,Tue,20-02-2020,Thu
19-02-2020,Wed,20-02-2020,Thu
20-02-2020,Thu,20-02-2020,Thu
21-02-2020,Fri,27-02-2020,Thu
22-02-2020,Sat,27-02-2020,Thu
23-02-2020,Sun,27-02-2020,Thu
24-02-2020,Mon,27-02-2020,Thu
25-02-2020,Tue,27-02-2020,Thu
26-02-2020,Wed,27-02-2020,Thu
27-02-2020,Thu,27-02-2020,Thu
28-02-2020,Fri,05-03-2020,Thu
29-02-2020,Sat,05-03-2020,Thu
01-03-2020,Sun,05-03-2020,Thu
02-03-2020,Mon,05-03-2020,Thu
03-03-2020,Tue,05-03-2020,Thu
04-03-2020,Wed,05-03-2020,Thu
05-03-2020,Thu,05-03-2020,Thu
06-03-2020,Fri,12-03-2020,Thu
07-03-2020,Sat,12-03-2020,Thu
08-03-2020,Sun,12-03-2020,Thu
09-03-2020,Mon,12-03-2020,Thu
10-03-2020,Tue,12-03-2020,Thu
11-03-2020,Wed,12-03-2020,Thu
12-03-2020,Thu,12-03-2020,Thu
13-03-2020,Fri,19-03-2020,Thu
14-03-2020,Sat,19-03-2020,Thu
15-03-2020,Sun,19-03-2020,Thu
16-03-2020,Mon,19-03-2020,Thu
17-03-2020,Tue,19-03-2020,Thu
18-03-2020,Wed,19-03-2020,Thu
19-03-2020,Thu,19-03-2020,Thu
20-03-2020,Fri,26-03-2020,Thu
21-03-2020,Sat,26-03-2020,Thu
22-03-2020,Sun,26-03-2020,Thu
23-03-2020,Mon,26-03-2020,Thu
24-03-2020,Tue,26-03-2020,Thu
25-03-2020,Wed,26-03-2020,Thu
26-03-2020,Thu,26-03-2020,Thu
27-03-2020,Fri,01-04-2020,Wed
28-03-2020,Sat,01-04-2020,Wed
29-03-2020,Sun,01-04-2020,Wed
30-03-2020,Mon,01-04-2020,Wed
31-03-2020,Tue,01-04-2020,Wed
01-04-2020,Wed,01-04-2020,Wed
02-04-2020,Thu,01-04-2020,Wed
03-04-2020,Fri,09-04-2020,Thu
04-04-2020,Sat,09-04-2020,Thu
05-04-2020,Sun,09-04-2020,Thu
06-04-2020,Mon,09-04-2020,Thu
07-04-2020,Tue,09-04-2020,Thu
08-04-2020,Wed,09-04-2020,Thu
09-04-2020,Thu,09-04-2020,Thu
10-04-2020,Fri,16-04-2020,Thu
11-04-2020,Sat,16-04-2020,Thu
12-04-2020,Sun,16-04-2020,Thu
13-04-2020,Mon,16-04-2020,Thu
14-04-2020,Tue,16-04-2020,Thu
15-04-2020,Wed,16-04-2020,Thu
16-04-2020,Thu,16-04-2020,Thu
17-04-2020,Fri,23-04-2020,Thu
18-04-2020,Sat,23-04-2020,Thu
19-04-2020,Sun,23-04-2020,Thu
20-04-2020,Mon,23-04-2020,Thu
21-04-2020,Tue,23-04-2020,Thu
22-04-2020,Wed,23-04-2020,Thu
23-04-2020,Thu,23-04-2020,Thu
24-04-2020,Fri,30-04-2020,Thu
25-04-2020,Sat,30-04-2020,Thu
26-04-2020,Sun,30-04-2020,Thu
27-04-2020,Mon,30-04-2020,Thu
28-04-2020,Tue,30-04-2020,Thu
29-04-2020,Wed,30-04-2020,Thu
30-04-2020,Thu,30-04-2020,Thu
01-05-2020,Fri,07-05-2020,Thu
02-05-2020,Sat,07-05-2020,Thu
03-05-2020,Sun,07-05-2020,Thu
04-05-2020,Mon,07-05-2020,Thu
05-05-2020,Tue,07-05-2020,Thu
06-05-2020,Wed,07-05-2020,Thu
07-05-2020,Thu,07-05-2020,Thu
08-05-2020,Fri,14-05-2020,Thu
09-05-2020,Sat,14-05-2020,Thu
10-05-2020,Sun,14-05-2020,Thu
11-05-2020,Mon,14-05-2020,Thu
12-05-2020,Tue,14-05-2020,Thu
13-05-2020,Wed,14-05-2020,Thu
14-05-2020,Thu,14-05-2020,Thu
15-05-2020,Fri,21-05-2020,Thu
16-05-2020,Sat,21-05-2020,Thu
17-05-2020,Sun,21-05-2020,Thu
18-05-2020,Mon,21-05-2020,Thu
19-05-2020,Tue,21-05-2020,Thu
20-05-2020,Wed,21-05-2020,Thu
21-05-2020,Thu,21-05-2020,Thu
22-05-2020,Fri,28-05-2020,Thu
23-05-2020,Sat,28-05-2020,Thu
24-05-2020,Sun,28-05-2020,Thu
25-05-2020,Mon,28-05-2020,Thu
26-05-2020,Tue,28-05-2020,Thu
27-05-2020,Wed,28-05-2020,Thu
28-05-2020,Thu,28-05-2020,Thu
29-05-2020,Fri,04-06-2020,Thu
30-05-2020,Sat,04-06-2020,Thu
31-05-2020,Sun,04-06-2020,Thu
01-06-2020,Mon,04-06-2020,Thu
02-06-2020,Tue,04-06-2020,Thu
03-06-2020,Wed,04-06-2020,Thu
04-06-2020,Thu,04-06-2020,Thu
05-06-2020,Fri,11-06-2020,Thu
06-06-2020,Sat,11-06-2020,Thu
07-06-2020,Sun,11-06-2020,Thu
08-06-2020,Mon,11-06-2020,Thu
09-06-2020,Tue,11-06-2020,Thu
10-06-2020,Wed,11-06-2020,Thu
11-06-2020,Thu,11-06-2020,Thu
12-06-2020,Fri,18-06-2020,Thu
13-06-2020,Sat,18-06-2020,Thu
14-06-2020,Sun,18-06-2020,Thu
15-06-2020,Mon,18-06-2020,Thu
16-06-2020,Tue,18-06-2020,Thu
17-06-2020,Wed,18-06-2020,Thu
18-06-2020,Thu,18-06-2020,Thu
19-06-2020,Fri,25-06-2020,Thu
20-06-2020,Sat,25-06-2020,Thu
21-06-2020,Sun,25-06-2020,Thu
22-06-2020,Mon,25-06-2020,Thu
23-06-2020,Tue,25-06-2020,Thu
24-06-2020,Wed,25-06-2020,Thu
25-06-2020,Thu,25-06-2020,Thu
26-06-2020,Fri,02-07-2020,Thu
27-06-2020,Sat,02-07-2020,Thu
28-06-2020,Sun,02-07-2020,Thu
29-06-2020,Mon,02-07-2020,Thu
30-06-2020,Tue,02-07-2020,Thu
01-07-2020,Wed,02-07-2020,Thu
02-07-2020,Thu,02-07-2020,Thu
03-07-2020,Fri,09-07-2020,Thu
04-07-2020,Sat,09-07-2020,Thu
05-07-2020,Sun,09-07-2020,Thu
06-07-2020,Mon,09-07-2020,Thu
07-07-2020,Tue,09-07-2020,Thu
08-07-2020,Wed,09-07-2020,Thu
09-07-2020,Thu,09-07-2020,Thu
10-07-2020,Fri,16-07-2020,Thu
11-07-2020,Sat,16-07-2020,Thu
12-07-2020,Sun,16-07-2020,Thu
13-07-2020,Mon,16-07-2020,Thu
14-07-2020,Tue,16-07-2020,Thu
15-07-2020,Wed,16-07-2020,Thu
16-07-2020,Thu,16-07-2020,Thu
17-07-2020,Fri,23-07-2020,Thu
18-07-2020,Sat,23-07-2020,Thu
19-07-2020,Sun,23-07-2020,Thu
20-07-2020,Mon,23-07-2020,Thu
21-07-2020,Tue,23-07-2020,Thu
22-07-2020,Wed,23-07-2020,Thu
23-07-2020,Thu,23-07-2020,Thu
24-07-2020,Fri,30-07-2020,Thu
25-07-2020,Sat,30-07-2020,Thu
26-07-2020,Sun,30-07-2020,Thu
27-07-2020,Mon,30-07-2020,Thu
28-07-2020,Tue,30-07-2020,Thu
29-07-2020,Wed,30-07-2020,Thu
30-07-2020,Thu,30-07-2020,Thu
31-07-2020,Fri,06-08-2020,Thu
01-08-2020,Sat,06-08-2020,Thu
02-08-2020,Sun,06-08-2020,Thu
03-08-2020,Mon,06-08-2020,Thu
04-08-2020,Tue,06-08-2020,Thu
05-08-2020,Wed,06-08-2020,Thu
06-08-2020,Thu,06-08-2020,Thu
07-08-2020,Fri,13-08-2020,Thu
08-08-2020,Sat,13-08-2020,Thu
09-08-2020,Sun,13-08-2020,Thu
10-08-2020,Mon,13-08-2020,Thu
11-08-2020,Tue,13-08-2020,Thu
12-08-2020,Wed,13-08-2020,Thu
13-08-2020,Thu,13-08-2020,Thu
14-08-2020,Fri,20-08-2020,Thu
15-08-2020,Sat,20-08-2020,Thu
16-08-2020,Sun,20-08-2020,Thu
17-08-2020,Mon,20-08-2020,Thu
18-08-2020,Tue,20-08-2020,Thu
19-08-2020,Wed,20-08-2020,Thu
20-08-2020,Thu,20-08-2020,Thu
21-08-2020,Fri,27-08-2020,Thu
22-08-2020,Sat,27-08-2020,Thu
23-08-2020,Sun,27-08-2020,Thu
24-08-2020,Mon,27-08-2020,Thu
25-08-2020,Tue,27-08-2020,Thu
26-08-2020,Wed,27-08-2020,Thu
27-08-2020,Thu,27-08-2020,Thu
28-08-2020,Fri,03-09-2020,Thu
29-08-2020,Sat,03-09-2020,Thu
30-08-2020,Sun,03-09-2020,Thu
31-08-2020,Mon,03-09-2020,Thu
01-09-2020,Tue,03-09-2020,Thu
02-09-2020,Wed,03-09-2020,Thu
03-09-2020,Thu,03-09-2020,Thu
04-09-2020,Fri,10-09-2020,Thu
05-09-2020,Sat,10-09-2020,Thu
06-09-2020,Sun,10-09-2020,Thu
07-09-2020,Mon,10-09-2020,Thu
08-09-2020,Tue,10-09-2020,Thu
09-09-2020,Wed,10-09-2020,Thu
10-09-2020,Thu,10-09-2020,Thu
11-09-2020,Fri,17-09-2020,Thu
12-09-2020,Sat,17-09-2020,Thu
13-09-2020,Sun,17-09-2020,Thu
14-09-2020,Mon,17-09-2020,Thu
15-09-2020,Tue,17-09-2020,Thu
16-09-2020,Wed,17-09-2020,Thu
17-09-2020,Thu,17-09-2020,Thu
18-09-2020,Fri,24-09-2020,Thu
19-09-2020,Sat,24-09-2020,Thu
20-09-2020,Sun,24-09-2020,Thu
21-09-2020,Mon,24-09-2020,Thu
22-09-2020,Tue,24-09-2020,Thu
23-09-2020,Wed,24-09-2020,Thu
24-09-2020,Thu,24-09-2020,Thu
25-09-2020,Fri,01-10-2020,Thu
26-09-2020,Sat,01-10-2020,Thu
27-09-2020,Sun,01-10-2020,Thu
28-09-2020,Mon,01-10-2020,Thu
29-09-2020,Tue,01-10-2020,Thu
30-09-2020,Wed,01-10-2020,Thu
01-10-2020,Thu,01-10-2020,Thu
02-10-2020,Fri,08-10-2020,Thu
03-10-2020,Sat,08-10-2020,Thu
04-10-2020,Sun,08-10-2020,Thu
05-10-2020,Mon,08-10-2020,Thu
06-10-2020,Tue,08-10-2020,Thu
07-10-2020,Wed,08-10-2020,Thu
08-10-2020,Thu,08-10-2020,Thu
09-10-2020,Fri,15-10-2020,Thu
10-10-2020,Sat,15-10-2020,Thu
11-10-2020,Sun,15-10-2020,Thu
12-10-2020,Mon,15-10-2020,Thu
13-10-2020,Tue,15-10-2020,Thu
14-10-2020,Wed,15-10-2020,Thu
15-10-2020,Thu,15-10-2020,Thu
16-10-2020,Fri,22-10-2020,Thu
17-10-2020,Sat,22-10-2020,Thu
18-10-2020,Sun,22-10-2020,Thu
19-10-2020,Mon,22-10-2020,Thu
20-10-2020,Tue,22-10-2020,Thu
21-10-2020,Wed,22-10-2020,Thu
22-10-2020,Thu,22-10-2020,Thu
23-10-2020,Fri,29-10-2020,Thu
24-10-2020,Sat,29-10-2020,Thu
25-10-2020,Sun,29-10-2020,Thu
26-10-2020,Mon,29-10-2020,Thu
27-10-2020,Tue,29-10-2020,Thu
28-10-2020,Wed,29-10-2020,Thu
29-10-2020,Thu,29-10-2020,Thu
30-10-2020,Fri,05-11-2020,Thu
31-10-2020,Sat,05-11-2020,Thu
01-11-2020,Sun,05-11-2020,Thu
02-11-2020,Mon,05-11-2020,Thu
03-11-2020,Tue,05-11-2020,Thu
04-11-2020,Wed,05-11-2020,Thu
05-11-2020,Thu,05-11-2020,Thu
06-11-2020,Fri,12-11-2020,Thu
07-11-2020,Sat,12-11-2020,Thu
08-11-2020,Sun,12-11-2020,Thu
09-11-2020,Mon,12-11-2020,Thu
10-11-2020,Tue,12-11-2020,Thu
11-11-2020,Wed,12-11-2020,Thu
12-11-2020,Thu,12-11-2020,Thu
13-11-2020,Fri,19-11-2020,Thu
14-11-2020,Sat,19-11-2020,Thu
15-11-2020,Sun,19-11-2020,Thu
16-11-2020,Mon,19-11-2020,Thu
17-11-2020,Tue,19-11-2020,Thu
18-11-2020,Wed,19-11-2020,Thu
19-11-2020,Thu,19-11-2020,Thu
20-11-2020,Fri,26-11-2020,Thu
21-11-2020,Sat,26-11-2020,Thu
22-11-2020,Sun,26-11-2020,Thu
23-11-2020,Mon,26-11-2020,Thu
24-11-2020,Tue,26-11-2020,Thu
25-11-2020,Wed,26-11-2020,Thu
26-11-2020,Thu,26-11-2020,Thu
27-11-2020,Fri,03-12-2020,Thu
28-11-2020,Sat,03-12-2020,Thu
29-11-2020,Sun,03-12-2020,Thu
30-11-2020,Mon,03-12-2020,Thu
01-12-2020,Tue,03-12-2020,Thu
02-12-2020,Wed,03-12-2020,Thu
03-12-2020,Thu,03-12-2020,Thu
04-12-2020,Fri,10-12-2020,Thu
05-12-2020,Sat,10-12-2020,Thu
06-12-2020,Sun,10-12-2020,Thu
07-12-2020,Mon,10-12-2020,Thu
08-12-2020,Tue,10-12-2020,Thu
09-12-2020,Wed,10-12-2020,Thu
10-12-2020,Thu,10-12-2020,Thu
11-12-2020,Fri,17-12-2020,Thu
12-12-2020,Sat,17-12-2020,Thu
13-12-2020,Sun,17-12-2020,Thu
14-12-2020,Mon,17-12-2020,Thu
15-12-2020,Tue,17-12-2020,Thu
16-12-2020,Wed,17-12-2020,Thu
17-12-2020,Thu,17-12-2020,Thu
18-12-2020,Fri,24-12-2020,Thu
19-12-2020,Sat,24-12-2020,Thu
20-12-2020,Sun,24-12-2020,Thu
21-12-2020,Mon,24-12-2020,Thu
22-12-2020,Tue,24-12-2020,Thu
23-12-2020,Wed,24-12-2020,Thu
24-12-2020,Thu,24-12-2020,Thu
25-12-2020,Fri,31-12-2020,Thu
26-12-2020,Sat,31-12-2020,Thu
27-12-2020,Sun,31-12-2020,Thu
28-12-2020,Mon,31-12-2020,Thu
29-12-2020,Tue,31-12-2020,Thu
30-12-2020,Wed,31-12-2020,Thu
31-12-2020,Thu,31-12-2020,Thu
01-01-2021,Fri,07-01-2021,Thu
02-01-2021,Sat,07-01-2021,Thu
03-01-2021,Sun,07-01-2021,Thu
04-01-2021,Mon,07-01-2021,Thu
05-01-2021,Tue,07-01-2021,Thu
06-01-2021,Wed,07-01-2021,Thu
07-01-2021,Thu,07-01-2021,Thu
08-01-2021,Fri,14-01-2021,Thu
09-01-2021,Sat,14-01-2021,Thu
10-01-2021,Sun,14-01-2021,Thu
11-01-2021,Mon,14-01-2021,Thu
12-01-2021,Tue,14-01-2021,Thu
13-01-2021,Wed,14-01-2021,Thu
14-01-2021,Thu,14-01-2021,Thu
15-01-2021,Fri,21-01-2021,Thu
16-01-2021,Sat,21-01-2021,Thu
17-01-2021,Sun,21-01-2021,Thu
18-01-2021,Mon,21-01-2021,Thu
19-01-2021,Tue,21-01-2021,Thu
20-01-2021,Wed,21-01-2021,Thu
21-01-2021,Thu,21-01-2021,Thu
22-01-2021,Fri,28-01-2021,Thu
23-01-2021,Sat,28-01-2021,Thu
24-01-2021,Sun,28-01-2021,Thu
25-01-2021,Mon,28-01-2021,Thu
26-01-2021,Tue,28-01-2021,Thu
27-01-2021,Wed,28-01-2021,Thu
28-01-2021,Thu,28-01-2021,Thu
29-01-2021,Fri,04-02-2021,Thu
30-01-2021,Sat,04-02-2021,Thu
31-01-2021,Sun,04-02-2021,Thu
01-02-2021,Mon,04-02-2021,Thu
02-02-2021,Tue,04-02-2021,Thu
03-02-2021,Wed,04-02-2021,Thu
04-02-2021,Thu,04-02-2021,Thu
05-02-2021,Fri,11-02-2021,Thu
06-02-2021,Sat,11-02-2021,Thu
07-02-2021,Sun,11-02-2021,Thu
08-02-2021,Mon,11-02-2021,Thu
09-02-2021,Tue,11-02-2021,Thu
10-02-2021,Wed,11-02-2021,Thu
11-02-2021,Thu,11-02-2021,Thu
12-02-2021,Fri,18-02-2021,Thu
13-02-2021,Sat,18-02-2021,Thu
14-02-2021,Sun,18-02-2021,Thu
15-02-2021,Mon,18-02-2021,Thu
16-02-2021,Tue,18-02-2021,Thu
17-02-2021,Wed,18-02-2021,Thu
18-02-2021,Thu,18-02-2021,Thu
19-02-2021,Fri,25-02-2021,Thu
20-02-2021,Sat,25-02-2021,Thu
21-02-2021,Sun,25-02-2021,Thu
22-02-2021,Mon,25-02-2021,Thu
23-02-2021,Tue,25-02-2021,Thu
24-02-2021,Wed,25-02-2021,Thu
25-02-2021,Thu,25-02-2021,Thu
26-02-2021,Fri,04-03-2021,Thu
27-02-2021,Sat,04-03-2021,Thu
28-02-2021,Sun,04-03-2021,Thu
01-03-2021,Mon,04-03-2021,Thu
02-03-2021,Tue,04-03-2021,Thu
03-03-2021,Wed,04-03-2021,Thu
04-03-2021,Thu,04-03-2021,Thu
05-03-2021,Fri,10-03-2021,Wed
06-03-2021,Sat,10-03-2021,Wed
07-03-2021,Sun,10-03-2021,Wed
08-03-2021,Mon,10-03-2021,Wed
09-03-2021,Tue,10-03-2021,Wed
10-03-2021,Wed,10-03-2021,Wed
11-03-2021,Thu,10-03-2021,Wed
12-03-2021,Fri,18-03-2021,Thu
13-03-2021,Sat,18-03-2021,Thu
14-03-2021,Sun,18-03-2021,Thu
15-03-2021,Mon,18-03-2021,Thu
16-03-2021,Tue,18-03-2021,Thu
17-03-2021,Wed,18-03-2021,Thu
18-03-2021,Thu,18-03-2021,Thu
19-03-2021,Fri,25-03-2021,Thu
20-03-2021,Sat,25-03-2021,Thu
21-03-2021,Sun,25-03-2021,Thu
22-03-2021,Mon,25-03-2021,Thu
23-03-2021,Tue,25-03-2021,Thu
24-03-2021,Wed,25-03-2021,Thu
25-03-2021,Thu,25-03-2021,Thu
26-03-2021,Fri,01-04-2021,Thu
27-03-2021,Sat,01-04-2021,Thu
28-03-2021,Sun,01-04-2021,Thu
29-03-2021,Mon,01-04-2021,Thu
30-03-2021,Tue,01-04-2021,Thu
31-03-2021,Wed,01-04-2021,Thu
01-04-2021,Thu,01-04-2021,Thu
02-04-2021,Fri,08-04-2021,Thu
03-04-2021,Sat,08-04-2021,Thu
04-04-2021,Sun,08-04-2021,Thu
05-04-2021,Mon,08-04-2021,Thu
06-04-2021,Tue,08-04-2021,Thu
07-04-2021,Wed,08-04-2021,Thu
08-04-2021,Thu,08-04-2021,Thu
09-04-2021,Fri,15-04-2021,Thu
10-04-2021,Sat,15-04-2021,Thu
11-04-2021,Sun,15-04-2021,Thu
12-04-2021,Mon,15-04-2021,Thu
13-04-2021,Tue,15-04-2021,Thu
14-04-2021,Wed,15-04-2021,Thu
15-04-2021,Thu,15-04-2021,Thu
16-04-2021,Fri,22-04-2021,Thu
17-04-2021,Sat,22-04-2021,Thu
18-04-2021,Sun,22-04-2021,Thu
19-04-2021,Mon,22-04-2021,Thu
20-04-2021,Tue,22-04-2021,Thu
21-04-2021,Wed,22-04-2021,Thu
22-04-2021,Thu,22-04-2021,Thu
23-04-2021,Fri,29-04-2021,Thu
24-04-2021,Sat,29-04-2021,Thu
25-04-2021,Sun,29-04-2021,Thu
26-04-2021,Mon,29-04-2021,Thu
27-04-2021,Tue,29-04-2021,Thu
28-04-2021,Wed,29-04-2021,Thu
29-04-2021,Thu,29-04-2021,Thu
30-04-2021,Fri,06-05-2021,Thu
01-05-2021,Sat,06-05-2021,Thu
02-05-2021,Sun,06-05-2021,Thu
03-05-2021,Mon,06-05-2021,Thu
04-05-2021,Tue,06-05-2021,Thu
05-05-2021,Wed,06-05-2021,Thu
06-05-2021,Thu,06-05-2021,Thu
07-05-2021,Fri,12-05-2021,Wed
08-05-2021,Sat,12-05-2021,Wed
09-05-2021,Sun,12-05-2021,Wed
10-05-2021,Mon,12-05-2021,Wed
11-05-2021,Tue,12-05-2021,Wed
12-05-2021,Wed,12-05-2021,Wed
13-05-2021,Thu,12-05-2021,Wed
14-05-2021,Fri,20-05-2021,Thu
15-05-2021,Sat,20-05-2021,Thu
16-05-2021,Sun,20-05-2021,Thu
17-05-2021,Mon,20-05-2021,Thu
18-05-2021,Tue,20-05-2021,Thu
19-05-2021,Wed,20-05-2021,Thu
20-05-2021,Thu,20-05-2021,Thu
21-05-2021,Fri,27-05-2021,Thu
22-05-2021,Sat,27-05-2021,Thu
23-05-2021,Sun,27-05-2021,Thu
24-05-2021,Mon,27-05-2021,Thu
25-05-2021,Tue,27-05-2021,Thu
26-05-2021,Wed,27-05-2021,Thu
27-05-2021,Thu,27-05-2021,Thu
28-05-2021,Fri,03-06-2021,Thu
29-05-2021,Sat,03-06-2021,Thu
30-05-2021,Sun,03-06-2021,Thu
31-05-2021,Mon,03-06-2021,Thu
01-06-2021,Tue,03-06-2021,Thu
02-06-2021,Wed,03-06-2021,Thu
03-06-2021,Thu,03-06-2021,Thu
04-06-2021,Fri,10-06-2021,Thu
05-06-2021,Sat,10-06-2021,Thu
06-06-2021,Sun,10-06-2021,Thu
07-06-2021,Mon,10-06-2021,Thu
08-06-2021,Tue,10-06-2021,Thu
09-06-2021,Wed,10-06-2021,Thu
10-06-2021,Thu,10-06-2021,Thu
11-06-2021,Fri,17-06-2021,Thu
12-06-2021,Sat,17-06-2021,Thu
13-06-2021,Sun,17-06-2021,Thu
14-06-2021,Mon,17-06-2021,Thu
15-06-2021,Tue,17-06-2021,Thu
16-06-2021,Wed,17-06-2021,Thu
17-06-2021,Thu,17-06-2021,Thu
18-06-2021,Fri,24-06-2021,Thu
19-06-2021,Sat,24-06-2021,Thu
20-06-2021,Sun,24-06-2021,Thu
21-06-2021,Mon,24-06-2021,Thu
22-06-2021,Tue,24-06-2021,Thu
23-06-2021,Wed,24-06-2021,Thu
24-06-2021,Thu,24-06-2021,Thu
25-06-2021,Fri,01-07-2021,Thu
26-06-2021,Sat,01-07-2021,Thu
27-06-2021,Sun,01-07-2021,Thu
28-06-2021,Mon,01-07-2021,Thu
29-06-2021,Tue,01-07-2021,Thu
30-06-2021,Wed,01-07-2021,Thu
01-07-2021,Thu,01-07-2021,Thu
02-07-2021,Fri,08-07-2021,Thu
03-07-2021,Sat,08-07-2021,Thu
04-07-2021,Sun,08-07-2021,Thu
05-07-2021,Mon,08-07-2021,Thu
06-07-2021,Tue,08-07-2021,Thu
07-07-2021,Wed,08-07-2021,Thu
08-07-2021,Thu,08-07-2021,Thu
09-07-2021,Fri,15-07-2021,Thu
10-07-2021,Sat,15-07-2021,Thu
11-07-2021,Sun,15-07-2021,Thu
12-07-2021,Mon,15-07-2021,Thu
13-07-2021,Tue,15-07-2021,Thu
14-07-2021,Wed,15-07-2021,Thu
15-07-2021,Thu,15-07-2021,Thu
16-07-2021,Fri,22-07-2021,Thu
17-07-2021,Sat,22-07-2021,Thu
18-07-2021,Sun,22-07-2021,Thu
19-07-2021,Mon,22-07-2021,Thu
20-07-2021,Tue,22-07-2021,Thu
21-07-2021,Wed,22-07-2021,Thu
22-07-2021,Thu,22-07-2021,Thu
23-07-2021,Fri,29-07-2021,Thu
24-07-2021,Sat,29-07-2021,Thu
25-07-2021,Sun,29-07-2021,Thu
26-07-2021,Mon,29-07-2021,Thu
27-07-2021,Tue,29-07-2021,Thu
28-07-2021,Wed,29-07-2021,Thu
29-07-2021,Thu,29-07-2021,Thu
30-07-2021,Fri,05-08-2021,Thu
31-07-2021,Sat,05-08-2021,Thu
01-08-2021,Sun,05-08-2021,Thu
02-08-2021,Mon,05-08-2021,Thu
03-08-2021,Tue,05-08-2021,Thu
04-08-2021,Wed,05-08-2021,Thu
05-08-2021,Thu,05-08-2021,Thu
06-08-2021,Fri,12-08-2021,Thu
07-08-2021,Sat,12-08-2021,Thu
08-08-2021,Sun,12-08-2021,Thu
09-08-2021,Mon,12-08-2021,Thu
10-08-2021,Tue,12-08-2021,Thu
11-08-2021,Wed,12-08-2021,Thu
12-08-2021,Thu,12-08-2021,Thu
13-08-2021,Fri,19-08-2021,Thu
14-08-2021,Sat,19-08-2021,Thu
15-08-2021,Sun,19-08-2021,Thu
16-08-2021,Mon,19-08-2021,Thu
17-08-2021,Tue,19-08-2021,Thu
18-08-2021,Wed,19-08-2021,Thu
19-08-2021,Thu,19-08-2021,Thu
20-08-2021,Fri,26-08-2021,Thu
21-08-2021,Sat,26-08-2021,Thu
22-08-2021,Sun,26-08-2021,Thu
23-08-2021,Mon,26-08-2021,Thu
24-08-2021,Tue,26-08-2021,Thu
25-08-2021,Wed,26-08-2021,Thu
26-08-2021,Thu,26-08-2021,Thu
27-08-2021,Fri,02-09-2021,Thu
28-08-2021,Sat,02-09-2021,Thu
29-08-2021,Sun,02-09-2021,Thu
30-08-2021,Mon,02-09-2021,Thu
31-08-2021,Tue,02-09-2021,Thu
01-09-2021,Wed,02-09-2021,Thu
02-09-2021,Thu,02-09-2021,Thu
03-09-2021,Fri,09-09-2021,Thu
04-09-2021,Sat,09-09-2021,Thu
05-09-2021,Sun,09-09-2021,Thu
06-09-2021,Mon,09-09-2021,Thu
07-09-2021,Tue,09-09-2021,Thu
08-09-2021,Wed,09-09-2021,Thu
09-09-2021,Thu,09-09-2021,Thu
10-09-2021,Fri,16-09-2021,Thu
11-09-2021,Sat,16-09-2021,Thu
12-09-2021,Sun,16-09-2021,Thu
13-09-2021,Mon,16-09-2021,Thu
14-09-2021,Tue,16-09-2021,Thu
15-09-2021,Wed,16-09-2021,Thu
16-09-2021,Thu,16-09-2021,Thu
17-09-2021,Fri,23-09-2021,Thu
18-09-2021,Sat,23-09-2021,Thu
19-09-2021,Sun,23-09-2021,Thu
20-09-2021,Mon,23-09-2021,Thu
21-09-2021,Tue,23-09-2021,Thu
22-09-2021,Wed,23-09-2021,Thu
23-09-2021,Thu,23-09-2021,Thu
24-09-2021,Fri,30-09-2021,Thu
25-09-2021,Sat,30-09-2021,Thu
26-09-2021,Sun,30-09-2021,Thu
27-09-2021,Mon,30-09-2021,Thu
28-09-2021,Tue,30-09-2021,Thu
29-09-2021,Wed,30-09-2021,Thu
30-09-2021,Thu,30-09-2021,Thu
01-10-2021,Fri,07-10-2021,Thu
02-10-2021,Sat,07-10-2021,Thu
03-10-2021,Sun,07-10-2021,Thu
04-10-2021,Mon,07-10-2021,Thu
05-10-2021,Tue,07-10-2021,Thu
06-10-2021,Wed,07-10-2021,Thu
07-10-2021,Thu,07-10-2021,Thu
08-10-2021,Fri,14-10-2021,Thu
09-10-2021,Sat,14-10-2021,Thu
10-10-2021,Sun,14-10-2021,Thu
11-10-2021,Mon,14-10-2021,Thu
12-10-2021,Tue,14-10-2021,Thu
13-10-2021,Wed,14-10-2021,Thu
14-10-2021,Thu,14-10-2021,Thu
15-10-2021,Fri,19-10-2021,Tue
16-10-2021,Sat,19-10-2021,Tue
17-10-2021,Sun,19-10-2021,Tue
18-10-2021,Mon,19-10-2021,Tue
19-10-2021,Tue,19-10-2021,Tue
20-10-2021,Wed,26-10-2021,Tue
21-10-2021,Thu,26-10-2021,Tue
22-10-2021,Fri,26-10-2021,Tue
23-10-2021,Sat,26-10-2021,Tue
24-10-2021,Sun,26-10-2021,Tue
25-10-2021,Mon,26-10-2021,Tue
26-10-2021,Tue,26-10-2021,Tue
27-10-2021,Wed,02-11-2021,Tue
28-10-2021,Thu,02-11-2021,Tue
29-10-2021,Fri,02-11-2021,Tue
30-10-2021,Sat,02-11-2021,Tue
31-10-2021,Sun,02-11-2021,Tue
01-11-2021,Mon,02-11-2021,Tue
02-11-2021,Tue,02-11-2021,Tue
03-11-2021,Wed,09-11-2021,Tue
04-11-2021,Thu,09-11-2021,Tue
05-11-2021,Fri,09-11-2021,Tue
06-11-2021,Sat,09-11-2021,Tue
07-11-2021,Sun,09-11-2021,Tue
08-11-2021,Mon,09-11-2021,Tue
09-11-2021,Tue,09-11-2021,Tue
10-11-2021,Wed,16-11-2021,Tue
11-11-2021,Thu,16-11-2021,Tue
12-11-2021,Fri,16-11-2021,Tue
13-11-2021,Sat,16-11-2021,Tue
14-11-2021,Sun,16-11-2021,Tue
15-11-2021,Mon,16-11-2021,Tue
16-11-2021,Tue,16-11-2021,Tue
17-11-2021,Wed,23-11-2021,Tue
18-11-2021,Thu,23-11-2021,Tue
19-11-2021,Fri,23-11-2021,Tue
20-11-2021,Sat,23-11-2021,Tue
21-11-2021,Sun,23-11-2021,Tue
22-11-2021,Mon,23-11-2021,Tue
23-11-2021,Tue,23-11-2021,Tue
24-11-2021,Wed,30-11-2021,Tue
25-11-2021,Thu,30-11-2021,Tue
26-11-2021,Fri,30-11-2021,Tue
27-11-2021,Sat,30-11-2021,Tue
28-11-2021,Sun,30-11-2021,Tue
29-11-2021,Mon,30-11-2021,Tue
30-11-2021,Tue,30-11-2021,Tue
01-12-2021,Wed,07-12-2021,Tue
02-12-2021,Thu,07-12-2021,Tue
03-12-2021,Fri,07-12-2021,Tue
04-12-2021,Sat,07-12-2021,Tue
05-12-2021,Sun,07-12-2021,Tue
06-12-2021,Mon,07-12-2021,Tue
07-12-2021,Tue,07-12-2021,Tue
08-12-2021,Wed,14-12-2021,Tue
09-12-2021,Thu,14-12-2021,Tue
10-12-2021,Fri,14-12-2021,Tue
11-12-2021,Sat,14-12-2021,Tue
12-12-2021,Sun,14-12-2021,Tue
13-12-2021,Mon,14-12-2021,Tue
14-12-2021,Tue,14-12-2021,Tue
15-12-2021,Wed,21-12-2021,Tue
16-12-2021,Thu,21-12-2021,Tue
17-12-2021,Fri,21-12-2021,Tue
18-12-2021,Sat,21-12-2021,Tue
19-12-2021,Sun,21-12-2021,Tue
20-12-2021,Mon,21-12-2021,Tue
21-12-2021,Tue,21-12-2021,Tue
22-12-2021,Wed,28-12-2021,Tue
23-12-2021,Thu,28-12-2021,Tue
24-12-2021,Fri,28-12-2021,Tue
25-12-2021,Sat,28-12-2021,Tue
26-12-2021,Sun,28-12-2021,Tue
27-12-2021,Mon,28-12-2021,Tue
28-12-2021,Tue,28-12-2021,Tue
29-12-2021,Wed,04-01-2022,Tue
30-12-2021,Thu,04-01-2022,Tue
31-12-2021,Fri,04-01-2022,Tue
01-01-2022,Sat,04-01-2022,Tue
02-01-2022,Sun,04-01-2022,Tue
03-01-2022,Mon,04-01-2022,Tue
04-01-2022,Tue,04-01-2022,Tue
05-01-2022,Wed,11-01-2022,Tue
06-01-2022,Thu,11-01-2022,Tue
07-01-2022,Fri,11-01-2022,Tue
08-01-2022,Sat,11-01-2022,Tue
09-01-2022,Sun,11-01-2022,Tue
10-01-2022,Mon,11-01-2022,Tue
11-01-2022,Tue,11-01-2022,Tue
12-01-2022,Wed,18-01-2022,Tue
13-01-2022,Thu,18-01-2022,Tue
14-01-2022,Fri,18-01-2022,Tue
15-01-2022,Sat,18-01-2022,Tue
16-01-2022,Sun,18-01-2022,Tue
17-01-2022,Mon,18-01-2022,Tue
18-01-2022,Tue,18-01-2022,Tue
19-01-2022,Wed,25-01-2022,Tue
20-01-2022,Thu,25-01-2022,Tue
21-01-2022,Fri,25-01-2022,Tue
22-01-2022,Sat,25-01-2022,Tue
23-01-2022,Sun,25-01-2022,Tue
24-01-2022,Mon,25-01-2022,Tue
25-01-2022,Tue,25-01-2022,Tue
26-01-2022,Wed,01-02-2022,Tue
27-01-2022,Thu,01-02-2022,Tue
28-01-2022,Fri,01-02-2022,Tue
29-01-2022,Sat,01-02-2022,Tue
30-01-2022,Sun,01-02-2022,Tue
31-01-2022,Mon,01-02-2022,Tue
01-02-2022,Tue,01-02-2022,Tue
02-02-2022,Wed,08-02-2022,Tue
03-02-2022,Thu,08-02-2022,Tue
04-02-2022,Fri,08-02-2022,Tue
05-02-2022,Sat,08-02-2022,Tue
06-02-2022,Sun,08-02-2022,Tue
07-02-2022,Mon,08-02-2022,Tue
08-02-2022,Tue,08-02-2022,Tue
09-02-2022,Wed,15-02-2022,Tue
10-02-2022,Thu,15-02-2022,Tue
11-02-2022,Fri,15-02-2022,Tue
12-02-2022,Sat,15-02-2022,Tue
13-02-2022,Sun,15-02-2022,Tue
14-02-2022,Mon,15-02-2022,Tue
15-02-2022,Tue,15-02-2022,Tue
16-02-2022,Wed,22-02-2022,Tue
17-02-2022,Thu,22-02-2022,Tue
18-02-2022,Fri,22-02-2022,Tue
19-02-2022,Sat,22-02-2022,Tue
20-02-2022,Sun,22-02-2022,Tue
21-02-2022,Mon,22-02-2022,Tue
22-02-2022,Tue,22-02-2022,Tue
23-02-2022,Wed,28-02-2022,Mon
24-02-2022,Thu,28-02-2022,Mon
25-02-2022,Fri,28-02-2022,Mon
26-02-2022,Sat,28-02-2022,Mon
27-02-2022,Sun,28-02-2022,Mon
28-02-2022,Mon,28-02-2022,Mon
01-03-2022,Tue,08-03-2022,Tue
02-03-2022,Wed,08-03-2022,Tue
03-03-2022,Thu,08-03-2022,Tue
04-03-2022,Fri,08-03-2022,Tue
05-03-2022,Sat,08-03-2022,Tue
06-03-2022,Sun,08-03-2022,Tue
07-03-2022,Mon,08-03-2022,Tue
08-03-2022,Tue,08-03-2022,Tue
09-03-2022,Wed,15-03-2022,Tue
10-03-2022,Thu,15-03-2022,Tue
11-03-2022,Fri,15-03-2022,Tue
12-03-2022,Sat,15-03-2022,Tue
13-03-2022,Sun,15-03-2022,Tue
14-03-2022,Mon,15-03-2022,Tue
15-03-2022,Tue,15-03-2022,Tue
16-03-2022,Wed,22-03-2022,Tue
17-03-2022,Thu,22-03-2022,Tue
18-03-2022,Fri,22-03-2022,Tue
19-03-2022,Sat,22-03-2022,Tue
20-03-2022,Sun,22-03-2022,Tue
21-03-2022,Mon,22-03-2022,Tue
22-03-2022,Tue,22-03-2022,Tue
23-03-2022,Wed,29-03-2022,Tue
24-03-2022,Thu,29-03-2022,Tue
25-03-2022,Fri,29-03-2022,Tue
26-03-2022,Sat,29-03-2022,Tue
27-03-2022,Sun,29-03-2022,Tue
28-03-2022,Mon,29-03-2022,Tue
29-03-2022,Tue,29-03-2022,Tue
30-03-2022,Wed,05-04-2022,Tue
31-03-2022,Thu,05-04-2022,Tue
01-04-2022,Fri,05-04-2022,Tue
02-04-2022,Sat,05-04-2022,Tue
03-04-2022,Sun,05-04-2022,Tue
04-04-2022,Mon,05-04-2022,Tue
05-04-2022,Tue,05-04-2022,Tue
06-04-2022,Wed,12-04-2022,Tue
07-04-2022,Thu,12-04-2022,Tue
08-04-2022,Fri,12-04-2022,Tue
09-04-2022,Sat,12-04-2022,Tue
10-04-2022,Sun,12-04-2022,Tue
11-04-2022,Mon,12-04-2022,Tue
12-04-2022,Tue,12-04-2022,Tue
13-04-2022,Wed,19-04-2022,Tue
14-04-2022,Thu,19-04-2022,Tue
15-04-2022,Fri,19-04-2022,Tue
16-04-2022,Sat,19-04-2022,Tue
17-04-2022,Sun,19-04-2022,Tue
18-04-2022,Mon,19-04-2022,Tue
19-04-2022,Tue,19-04-2022,Tue
20-04-2022,Wed,26-04-2022,Tue
21-04-2022,Thu,26-04-2022,Tue
22-04-2022,Fri,26-04-2022,Tue
23-04-2022,Sat,26-04-2022,Tue
24-04-2022,Sun,26-04-2022,Tue
25-04-2022,Mon,26-04-2022,Tue
26-04-2022,Tue,26-04-2022,Tue
27-04-2022,Wed,02-05-2022,Mon
28-04-2022,Thu,02-05-2022,Mon
29-04-2022,Fri,02-05-2022,Mon
30-04-2022,Sat,02-05-2022,Mon
01-05-2022,Sun,02-05-2022,Mon
02-05-2022,Mon,02-05-2022,Mon
03-05-2022,Tue,10-05-2022,Tue
04-05-2022,Wed,10-05-2022,Tue
05-05-2022,Thu,10-05-2022,Tue
06-05-2022,Fri,10-05-2022,Tue
07-05-2022,Sat,10-05-2022,Tue
08-05-2022,Sun,10-05-2022,Tue
09-05-2022,Mon,10-05-2022,Tue
10-05-2022,Tue,10-05-2022,Tue
11-05-2022,Wed,17-05-2022,Tue
12-05-2022,Thu,17-05-2022,Tue
13-05-2022,Fri,17-05-2022,Tue
14-05-2022,Sat,17-05-2022,Tue
15-05-2022,Sun,17-05-2022,Tue
16-05-2022,Mon,17-05-2022,Tue
17-05-2022,Tue,17-05-2022,Tue
18-05-2022,Wed,24-05-2022,Tue
19-05-2022,Thu,24-05-2022,Tue
20-05-2022,Fri,24-05-2022,Tue
21-05-2022,Sat,24-05-2022,Tue
22-05-2022,Sun,24-05-2022,Tue
23-05-2022,Mon,24-05-2022,Tue
24-05-2022,Tue,24-05-2022,Tue
25-05-2022,Wed,31-05-2022,Tue
26-05-2022,Thu,31-05-2022,Tue
27-05-2022,Fri,31-05-2022,Tue
28-05-2022,Sat,31-05-2022,Tue
29-05-2022,Sun,31-05-2022,Tue
30-05-2022,Mon,31-05-2022,Tue
31-05-2022,Tue,31-05-2022,Tue
01-06-2022,Wed,07-06-2022,Tue
02-06-2022,Thu,07-06-2022,Tue
03-06-2022,Fri,07-06-2022,Tue
04-06-2022,Sat,07-06-2022,Tue
05-06-2022,Sun,07-06-2022,Tue
06-06-2022,Mon,07-06-2022,Tue
07-06-2022,Tue,07-06-2022,Tue
08-06-2022,Wed,14-06-2022,Tue
09-06-2022,Thu,14-06-2022,Tue
10-06-2022,Fri,14-06-2022,Tue
11-06-2022,Sat,14-06-2022,Tue
12-06-2022,Sun,14-06-2022,Tue
13-06-2022,Mon,14-06-2022,Tue
14-06-2022,Tue,14-06-2022,Tue
15-06-2022,Wed,21-06-2022,Tue
16-06-2022,Thu,21-06-2022,Tue
17-06-2022,Fri,21-06-2022,Tue
18-06-2022,Sat,21-06-2022,Tue
19-06-2022,Sun,21-06-2022,Tue
20-06-2022,Mon,21-06-2022,Tue
21-06-2022,Tue,21-06-2022,Tue
22-06-2022,Wed,28-06-2022,Tue
23-06-2022,Thu,28-06-2022,Tue
24-06-2022,Fri,28-06-2022,Tue
25-06-2022,Sat,28-06-2022,Tue
26-06-2022,Sun,28-06-2022,Tue
27-06-2022,Mon,28-06-2022,Tue
28-06-2022,Tue,28-06-2022,Tue
29-06-2022,Wed,05-07-2022,Tue
30-06-2022,Thu,05-07-2022,Tue
01-07-2022,Fri,05-07-2022,Tue
02-07-2022,Sat,05-07-2022,Tue
03-07-2022,Sun,05-07-2022,Tue
04-07-2022,Mon,05-07-2022,Tue
05-07-2022,Tue,05-07-2022,Tue
06-07-2022,Wed,12-07-2022,Tue
07-07-2022,Thu,12-07-2022,Tue
08-07-2022,Fri,12-07-2022,Tue
09-07-2022,Sat,12-07-2022,Tue
10-07-2022,Sun,12-07-2022,Tue
11-07-2022,Mon,12-07-2022,Tue
12-07-2022,Tue,12-07-2022,Tue
13-07-2022,Wed,19-07-2022,Tue
14-07-2022,Thu,19-07-2022,Tue
15-07-2022,Fri,19-07-2022,Tue
16-07-2022,Sat,19-07-2022,Tue
17-07-2022,Sun,19-07-2022,Tue
18-07-2022,Mon,19-07-2022,Tue
19-07-2022,Tue,19-07-2022,Tue
20-07-2022,Wed,26-07-2022,Tue
21-07-2022,Thu,26-07-2022,Tue
22-07-2022,Fri,26-07-2022,Tue
23-07-2022,Sat,26-07-2022,Tue
24-07-2022,Sun,26-07-2022,Tue
25-07-2022,Mon,26-07-2022,Tue
26-07-2022,Tue,26-07-2022,Tue
27-07-2022,Wed,02-08-2022,Tue
28-07-2022,Thu,02-08-2022,Tue
29-07-2022,Fri,02-08-2022,Tue
30-07-2022,Sat,02-08-2022,Tue
31-07-2022,Sun,02-08-2022,Tue
01-08-2022,Mon,02-08-2022,Tue
02-08-2022,Tue,02-08-2022,Tue
03-08-2022,Wed,08-08-2022,Mon
04-08-2022,Thu,08-08-2022,Mon
05-08-2022,Fri,08-08-2022,Mon
06-08-2022,Sat,08-08-2022,Mon
07-08-2022,Sun,08-08-2022,Mon
08-08-2022,Mon,08-08-2022,Mon
09-08-2022,Tue,09-08-2022,Tue
10-08-2022,Wed,16-08-2022,Tue
11-08-2022,Thu,16-08-2022,Tue
12-08-2022,Fri,16-08-2022,Tue
13-08-2022,Sat,16-08-2022,Tue
14-08-2022,Sun,16-08-2022,Tue
15-08-2022,Mon,16-08-2022,Tue
16-08-2022,Tue,16-08-2022,Tue
17-08-2022,Wed,23-08-2022,Tue
18-08-2022,Thu,23-08-2022,Tue
19-08-2022,Fri,23-08-2022,Tue
20-08-2022,Sat,23-08-2022,Tue
21-08-2022,Sun,23-08-2022,Tue
22-08-2022,Mon,23-08-2022,Tue
23-08-2022,Tue,23-08-2022,Tue
24-08-2022,Wed,30-08-2022,Tue
25-08-2022,Thu,30-08-2022,Tue
26-08-2022,Fri,30-08-2022,Tue
27-08-2022,Sat,30-08-2022,Tue
28-08-2022,Sun,30-08-2022,Tue
29-08-2022,Mon,30-08-2022,Tue
30-08-2022,Tue,30-08-2022,Tue
,,,
,,,
,,,
,,,
,,,
