Date,Day_name,Week_number,Weekly_Expiry_Date,Expiry_Week_number
27-05-2016,Fri,21,02-06-2016,21
28-05-2016,Sat,21,02-06-2016,21
29-05-2016,Sun,21,02-06-2016,21
30-05-2016,Mon,21,02-06-2016,21
31-05-2016,Tue,21,02-06-2016,21
01-06-2016,Wed,21,02-06-2016,21
02-06-2016,Thu,21,02-06-2016,21
03-06-2016,Fri,22,09-06-2016,22
04-06-2016,Sat,22,09-06-2016,22
05-06-2016,Sun,22,09-06-2016,22
06-06-2016,Mon,22,09-06-2016,22
07-06-2016,Tue,22,09-06-2016,22
08-06-2016,Wed,22,09-06-2016,22
09-06-2016,Thu,22,09-06-2016,22
10-06-2016,Fri,23,16-06-2016,23
11-06-2016,Sat,23,16-06-2016,23
12-06-2016,Sun,23,16-06-2016,23
13-06-2016,Mon,23,16-06-2016,23
14-06-2016,Tue,23,16-06-2016,23
15-06-2016,Wed,23,16-06-2016,23
16-06-2016,Thu,23,16-06-2016,23
17-06-2016,Fri,24,23-06-2016,24
18-06-2016,Sat,24,23-06-2016,24
19-06-2016,Sun,24,23-06-2016,24
20-06-2016,Mon,24,23-06-2016,24
21-06-2016,Tue,24,23-06-2016,24
22-06-2016,Wed,24,23-06-2016,24
23-06-2016,Thu,24,23-06-2016,24
24-06-2016,Fri,25,30-06-2016,25
25-06-2016,Sat,25,30-06-2016,25
26-06-2016,Sun,25,30-06-2016,25
27-06-2016,Mon,25,30-06-2016,25
28-06-2016,Tue,25,30-06-2016,25
29-06-2016,Wed,25,30-06-2016,25
30-06-2016,Thu,25,30-06-2016,25
01-07-2016,Fri,26,07-07-2016,26
02-07-2016,Sat,26,07-07-2016,26
03-07-2016,Sun,26,07-07-2016,26
04-07-2016,Mon,26,07-07-2016,26
05-07-2016,Tue,26,07-07-2016,26
06-07-2016,Wed,26,07-07-2016,26
07-07-2016,Thu,26,07-07-2016,26
08-07-2016,Fri,27,14-07-2016,27
09-07-2016,Sat,27,14-07-2016,27
10-07-2016,Sun,27,14-07-2016,27
11-07-2016,Mon,27,14-07-2016,27
12-07-2016,Tue,27,14-07-2016,27
13-07-2016,Wed,27,14-07-2016,27
14-07-2016,Thu,27,14-07-2016,27
15-07-2016,Fri,28,21-07-2016,28
16-07-2016,Sat,28,21-07-2016,28
17-07-2016,Sun,28,21-07-2016,28
18-07-2016,Mon,28,21-07-2016,28
19-07-2016,Tue,28,21-07-2016,28
20-07-2016,Wed,28,21-07-2016,28
21-07-2016,Thu,28,21-07-2016,28
22-07-2016,Fri,29,28-07-2016,29
23-07-2016,Sat,29,28-07-2016,29
24-07-2016,Sun,29,28-07-2016,29
25-07-2016,Mon,29,28-07-2016,29
26-07-2016,Tue,29,28-07-2016,29
27-07-2016,Wed,29,28-07-2016,29
28-07-2016,Thu,29,28-07-2016,29
29-07-2016,Fri,30,04-08-2016,30
30-07-2016,Sat,30,04-08-2016,30
31-07-2016,Sun,30,04-08-2016,30
01-08-2016,Mon,30,04-08-2016,30
02-08-2016,Tue,30,04-08-2016,30
03-08-2016,Wed,30,04-08-2016,30
04-08-2016,Thu,30,04-08-2016,30
05-08-2016,Fri,31,11-08-2016,31
06-08-2016,Sat,31,11-08-2016,31
07-08-2016,Sun,31,11-08-2016,31
08-08-2016,Mon,31,11-08-2016,31
09-08-2016,Tue,31,11-08-2016,31
10-08-2016,Wed,31,11-08-2016,31
11-08-2016,Thu,31,11-08-2016,31
12-08-2016,Fri,32,18-08-2016,32
13-08-2016,Sat,32,18-08-2016,32
14-08-2016,Sun,32,18-08-2016,32
15-08-2016,Mon,32,18-08-2016,32
16-08-2016,Tue,32,18-08-2016,32
17-08-2016,Wed,32,18-08-2016,32
18-08-2016,Thu,32,18-08-2016,32
19-08-2016,Fri,33,25-08-2016,33
20-08-2016,Sat,33,25-08-2016,33
21-08-2016,Sun,33,25-08-2016,33
22-08-2016,Mon,33,25-08-2016,33
23-08-2016,Tue,33,25-08-2016,33
24-08-2016,Wed,33,25-08-2016,33
25-08-2016,Thu,33,25-08-2016,33
26-08-2016,Fri,34,01-09-2016,34
27-08-2016,Sat,34,01-09-2016,34
28-08-2016,Sun,34,01-09-2016,34
29-08-2016,Mon,34,01-09-2016,34
30-08-2016,Tue,34,01-09-2016,34
31-08-2016,Wed,34,01-09-2016,34
01-09-2016,Thu,34,01-09-2016,34
02-09-2016,Fri,35,08-09-2016,35
03-09-2016,Sat,35,08-09-2016,35
04-09-2016,Sun,35,08-09-2016,35
05-09-2016,Mon,35,08-09-2016,35
06-09-2016,Tue,35,08-09-2016,35
07-09-2016,Wed,35,08-09-2016,35
08-09-2016,Thu,35,08-09-2016,35
09-09-2016,Fri,36,15-09-2016,36
10-09-2016,Sat,36,15-09-2016,36
11-09-2016,Sun,36,15-09-2016,36
12-09-2016,Mon,36,15-09-2016,36
13-09-2016,Tue,36,15-09-2016,36
14-09-2016,Wed,36,15-09-2016,36
15-09-2016,Thu,36,15-09-2016,36
16-09-2016,Fri,37,22-09-2016,37
17-09-2016,Sat,37,22-09-2016,37
18-09-2016,Sun,37,22-09-2016,37
19-09-2016,Mon,37,22-09-2016,37
20-09-2016,Tue,37,22-09-2016,37
21-09-2016,Wed,37,22-09-2016,37
22-09-2016,Thu,37,22-09-2016,37
23-09-2016,Fri,38,29-09-2016,38
24-09-2016,Sat,38,29-09-2016,38
25-09-2016,Sun,38,29-09-2016,38
26-09-2016,Mon,38,29-09-2016,38
27-09-2016,Tue,38,29-09-2016,38
28-09-2016,Wed,38,29-09-2016,38
29-09-2016,Thu,38,29-09-2016,38
30-09-2016,Fri,39,06-10-2016,39
01-10-2016,Sat,39,06-10-2016,39
02-10-2016,Sun,39,06-10-2016,39
03-10-2016,Mon,39,06-10-2016,39
04-10-2016,Tue,39,06-10-2016,39
05-10-2016,Wed,39,06-10-2016,39
06-10-2016,Thu,39,06-10-2016,39
07-10-2016,Fri,40,13-10-2016,40
08-10-2016,Sat,40,13-10-2016,40
09-10-2016,Sun,40,13-10-2016,40
10-10-2016,Mon,40,13-10-2016,40
11-10-2016,Tue,40,13-10-2016,40
12-10-2016,Wed,40,13-10-2016,40
13-10-2016,Thu,40,13-10-2016,40
14-10-2016,Fri,41,20-10-2016,41
15-10-2016,Sat,41,20-10-2016,41
16-10-2016,Sun,41,20-10-2016,41
17-10-2016,Mon,41,20-10-2016,41
18-10-2016,Tue,41,20-10-2016,41
19-10-2016,Wed,41,20-10-2016,41
20-10-2016,Thu,41,20-10-2016,41
21-10-2016,Fri,42,27-10-2016,42
22-10-2016,Sat,42,27-10-2016,42
23-10-2016,Sun,42,27-10-2016,42
24-10-2016,Mon,42,27-10-2016,42
25-10-2016,Tue,42,27-10-2016,42
26-10-2016,Wed,42,27-10-2016,42
27-10-2016,Thu,42,27-10-2016,42
28-10-2016,Fri,43,03-11-2016,43
29-10-2016,Sat,43,03-11-2016,43
30-10-2016,Sun,43,03-11-2016,43
31-10-2016,Mon,43,03-11-2016,43
01-11-2016,Tue,43,03-11-2016,43
02-11-2016,Wed,43,03-11-2016,43
03-11-2016,Thu,43,03-11-2016,43
04-11-2016,Fri,44,10-11-2016,44
05-11-2016,Sat,44,10-11-2016,44
06-11-2016,Sun,44,10-11-2016,44
07-11-2016,Mon,44,10-11-2016,44
08-11-2016,Tue,44,10-11-2016,44
09-11-2016,Wed,44,10-11-2016,44
10-11-2016,Thu,44,10-11-2016,44
11-11-2016,Fri,45,17-11-2016,45
12-11-2016,Sat,45,17-11-2016,45
13-11-2016,Sun,45,17-11-2016,45
14-11-2016,Mon,45,17-11-2016,45
15-11-2016,Tue,45,17-11-2016,45
16-11-2016,Wed,45,17-11-2016,45
17-11-2016,Thu,45,17-11-2016,45
18-11-2016,Fri,46,24-11-2016,46
19-11-2016,Sat,46,24-11-2016,46
20-11-2016,Sun,46,24-11-2016,46
21-11-2016,Mon,46,24-11-2016,46
22-11-2016,Tue,46,24-11-2016,46
23-11-2016,Wed,46,24-11-2016,46
24-11-2016,Thu,46,24-11-2016,46
25-11-2016,Fri,47,01-12-2016,47
26-11-2016,Sat,47,01-12-2016,47
27-11-2016,Sun,47,01-12-2016,47
28-11-2016,Mon,47,01-12-2016,47
29-11-2016,Tue,47,01-12-2016,47
30-11-2016,Wed,47,01-12-2016,47
01-12-2016,Thu,47,01-12-2016,47
02-12-2016,Fri,48,08-12-2016,48
03-12-2016,Sat,48,08-12-2016,48
04-12-2016,Sun,48,08-12-2016,48
05-12-2016,Mon,48,08-12-2016,48
06-12-2016,Tue,48,08-12-2016,48
07-12-2016,Wed,48,08-12-2016,48
08-12-2016,Thu,48,08-12-2016,48
09-12-2016,Fri,49,15-12-2016,49
10-12-2016,Sat,49,15-12-2016,49
11-12-2016,Sun,49,15-12-2016,49
12-12-2016,Mon,49,15-12-2016,49
13-12-2016,Tue,49,15-12-2016,49
14-12-2016,Wed,49,15-12-2016,49
15-12-2016,Thu,49,15-12-2016,49
16-12-2016,Fri,50,22-12-2016,50
17-12-2016,Sat,50,22-12-2016,50
18-12-2016,Sun,50,22-12-2016,50
19-12-2016,Mon,50,22-12-2016,50
20-12-2016,Tue,50,22-12-2016,50
21-12-2016,Wed,50,22-12-2016,50
22-12-2016,Thu,50,22-12-2016,50
23-12-2016,Fri,51,29-12-2016,51
24-12-2016,Sat,51,29-12-2016,51
25-12-2016,Sun,51,29-12-2016,51
26-12-2016,Mon,51,29-12-2016,51
27-12-2016,Tue,51,29-12-2016,51
28-12-2016,Wed,51,29-12-2016,51
29-12-2016,Thu,51,29-12-2016,51
30-12-2016,Fri,52,05-01-2017,52
31-12-2016,Sat,52,05-01-2017,52
01-01-2017,Sun,52,05-01-2017,52
02-01-2017,Mon,52,05-01-2017,52
03-01-2017,Tue,52,05-01-2017,52
04-01-2017,Wed,52,05-01-2017,52
05-01-2017,Thu,52,05-01-2017,52
06-01-2017,Fri,53,12-01-2017,53
07-01-2017,Sat,53,12-01-2017,53
08-01-2017,Sun,53,12-01-2017,53
09-01-2017,Mon,53,12-01-2017,53
10-01-2017,Tue,53,12-01-2017,53
11-01-2017,Wed,53,12-01-2017,53
12-01-2017,Thu,53,12-01-2017,53
13-01-2017,Fri,54,19-01-2017,54
14-01-2017,Sat,54,19-01-2017,54
15-01-2017,Sun,54,19-01-2017,54
16-01-2017,Mon,54,19-01-2017,54
17-01-2017,Tue,54,19-01-2017,54
18-01-2017,Wed,54,19-01-2017,54
19-01-2017,Thu,54,19-01-2017,54
20-01-2017,Fri,55,25-01-2017,55
21-01-2017,Sat,55,25-01-2017,55
22-01-2017,Sun,55,25-01-2017,55
23-01-2017,Mon,55,25-01-2017,55
24-01-2017,Tue,55,25-01-2017,55
25-01-2017,Wed,55,25-01-2017,55
26-01-2017,Thu,55,25-01-2017,55
27-01-2017,Fri,56,02-02-2017,56
28-01-2017,Sat,56,02-02-2017,56
29-01-2017,Sun,56,02-02-2017,56
30-01-2017,Mon,56,02-02-2017,56
31-01-2017,Tue,56,02-02-2017,56
01-02-2017,Wed,56,02-02-2017,56
02-02-2017,Thu,56,02-02-2017,56
03-02-2017,Fri,57,09-02-2017,57
04-02-2017,Sat,57,09-02-2017,57
05-02-2017,Sun,57,09-02-2017,57
06-02-2017,Mon,57,09-02-2017,57
07-02-2017,Tue,57,09-02-2017,57
08-02-2017,Wed,57,09-02-2017,57
09-02-2017,Thu,57,09-02-2017,57
10-02-2017,Fri,58,16-02-2017,58
11-02-2017,Sat,58,16-02-2017,58
12-02-2017,Sun,58,16-02-2017,58
13-02-2017,Mon,58,16-02-2017,58
14-02-2017,Tue,58,16-02-2017,58
15-02-2017,Wed,58,16-02-2017,58
16-02-2017,Thu,58,16-02-2017,58
17-02-2017,Fri,59,23-02-2017,59
18-02-2017,Sat,59,23-02-2017,59
19-02-2017,Sun,59,23-02-2017,59
20-02-2017,Mon,59,23-02-2017,59
21-02-2017,Tue,59,23-02-2017,59
22-02-2017,Wed,59,23-02-2017,59
23-02-2017,Thu,59,23-02-2017,59
24-02-2017,Fri,60,02-03-2017,60
25-02-2017,Sat,60,02-03-2017,60
26-02-2017,Sun,60,02-03-2017,60
27-02-2017,Mon,60,02-03-2017,60
28-02-2017,Tue,60,02-03-2017,60
01-03-2017,Wed,60,02-03-2017,60
02-03-2017,Thu,60,02-03-2017,60
03-03-2017,Fri,61,09-03-2017,61
04-03-2017,Sat,61,09-03-2017,61
05-03-2017,Sun,61,09-03-2017,61
06-03-2017,Mon,61,09-03-2017,61
07-03-2017,Tue,61,09-03-2017,61
08-03-2017,Wed,61,09-03-2017,61
09-03-2017,Thu,61,09-03-2017,61
10-03-2017,Fri,62,16-03-2017,62
11-03-2017,Sat,62,16-03-2017,62
12-03-2017,Sun,62,16-03-2017,62
13-03-2017,Mon,62,16-03-2017,62
14-03-2017,Tue,62,16-03-2017,62
15-03-2017,Wed,62,16-03-2017,62
16-03-2017,Thu,62,16-03-2017,62
17-03-2017,Fri,63,23-03-2017,63
18-03-2017,Sat,63,23-03-2017,63
19-03-2017,Sun,63,23-03-2017,63
20-03-2017,Mon,63,23-03-2017,63
21-03-2017,Tue,63,23-03-2017,63
22-03-2017,Wed,63,23-03-2017,63
23-03-2017,Thu,63,23-03-2017,63
24-03-2017,Fri,64,30-03-2017,64
25-03-2017,Sat,64,30-03-2017,64
26-03-2017,Sun,64,30-03-2017,64
27-03-2017,Mon,64,30-03-2017,64
28-03-2017,Tue,64,30-03-2017,64
29-03-2017,Wed,64,30-03-2017,64
30-03-2017,Thu,64,30-03-2017,64
31-03-2017,Fri,65,06-04-2017,65
01-04-2017,Sat,65,06-04-2017,65
02-04-2017,Sun,65,06-04-2017,65
03-04-2017,Mon,65,06-04-2017,65
04-04-2017,Tue,65,06-04-2017,65
05-04-2017,Wed,65,06-04-2017,65
06-04-2017,Thu,65,06-04-2017,65
07-04-2017,Fri,66,13-04-2017,66
08-04-2017,Sat,66,13-04-2017,66
09-04-2017,Sun,66,13-04-2017,66
10-04-2017,Mon,66,13-04-2017,66
11-04-2017,Tue,66,13-04-2017,66
12-04-2017,Wed,66,13-04-2017,66
13-04-2017,Thu,66,13-04-2017,66
14-04-2017,Fri,67,20-04-2017,67
15-04-2017,Sat,67,20-04-2017,67
16-04-2017,Sun,67,20-04-2017,67
17-04-2017,Mon,67,20-04-2017,67
18-04-2017,Tue,67,20-04-2017,67
19-04-2017,Wed,67,20-04-2017,67
20-04-2017,Thu,67,20-04-2017,67
21-04-2017,Fri,68,27-04-2017,68
22-04-2017,Sat,68,27-04-2017,68
23-04-2017,Sun,68,27-04-2017,68
24-04-2017,Mon,68,27-04-2017,68
25-04-2017,Tue,68,27-04-2017,68
26-04-2017,Wed,68,27-04-2017,68
27-04-2017,Thu,68,27-04-2017,68
28-04-2017,Fri,69,04-05-2017,69
29-04-2017,Sat,69,04-05-2017,69
30-04-2017,Sun,69,04-05-2017,69
01-05-2017,Mon,69,04-05-2017,69
02-05-2017,Tue,69,04-05-2017,69
03-05-2017,Wed,69,04-05-2017,69
04-05-2017,Thu,69,04-05-2017,69
05-05-2017,Fri,70,11-05-2017,70
06-05-2017,Sat,70,11-05-2017,70
07-05-2017,Sun,70,11-05-2017,70
08-05-2017,Mon,70,11-05-2017,70
09-05-2017,Tue,70,11-05-2017,70
10-05-2017,Wed,70,11-05-2017,70
11-05-2017,Thu,70,11-05-2017,70
12-05-2017,Fri,71,18-05-2017,71
13-05-2017,Sat,71,18-05-2017,71
14-05-2017,Sun,71,18-05-2017,71
15-05-2017,Mon,71,18-05-2017,71
16-05-2017,Tue,71,18-05-2017,71
17-05-2017,Wed,71,18-05-2017,71
18-05-2017,Thu,71,18-05-2017,71
19-05-2017,Fri,72,25-05-2017,72
20-05-2017,Sat,72,25-05-2017,72
21-05-2017,Sun,72,25-05-2017,72
22-05-2017,Mon,72,25-05-2017,72
23-05-2017,Tue,72,25-05-2017,72
24-05-2017,Wed,72,25-05-2017,72
25-05-2017,Thu,72,25-05-2017,72
26-05-2017,Fri,73,01-06-2017,73
27-05-2017,Sat,73,01-06-2017,73
28-05-2017,Sun,73,01-06-2017,73
29-05-2017,Mon,73,01-06-2017,73
30-05-2017,Tue,73,01-06-2017,73
31-05-2017,Wed,73,01-06-2017,73
01-06-2017,Thu,73,01-06-2017,73
02-06-2017,Fri,74,08-06-2017,74
03-06-2017,Sat,74,08-06-2017,74
04-06-2017,Sun,74,08-06-2017,74
05-06-2017,Mon,74,08-06-2017,74
06-06-2017,Tue,74,08-06-2017,74
07-06-2017,Wed,74,08-06-2017,74
08-06-2017,Thu,74,08-06-2017,74
09-06-2017,Fri,75,15-06-2017,75
10-06-2017,Sat,75,15-06-2017,75
11-06-2017,Sun,75,15-06-2017,75
12-06-2017,Mon,75,15-06-2017,75
13-06-2017,Tue,75,15-06-2017,75
14-06-2017,Wed,75,15-06-2017,75
15-06-2017,Thu,75,15-06-2017,75
16-06-2017,Fri,76,22-06-2017,76
17-06-2017,Sat,76,22-06-2017,76
18-06-2017,Sun,76,22-06-2017,76
19-06-2017,Mon,76,22-06-2017,76
20-06-2017,Tue,76,22-06-2017,76
21-06-2017,Wed,76,22-06-2017,76
22-06-2017,Thu,76,22-06-2017,76
23-06-2017,Fri,77,29-06-2017,77
24-06-2017,Sat,77,29-06-2017,77
25-06-2017,Sun,77,29-06-2017,77
26-06-2017,Mon,77,29-06-2017,77
27-06-2017,Tue,77,29-06-2017,77
28-06-2017,Wed,77,29-06-2017,77
29-06-2017,Thu,77,29-06-2017,77
30-06-2017,Fri,78,06-07-2017,78
01-07-2017,Sat,78,06-07-2017,78
02-07-2017,Sun,78,06-07-2017,78
03-07-2017,Mon,78,06-07-2017,78
04-07-2017,Tue,78,06-07-2017,78
05-07-2017,Wed,78,06-07-2017,78
06-07-2017,Thu,78,06-07-2017,78
07-07-2017,Fri,79,13-07-2017,79
08-07-2017,Sat,79,13-07-2017,79
09-07-2017,Sun,79,13-07-2017,79
10-07-2017,Mon,79,13-07-2017,79
11-07-2017,Tue,79,13-07-2017,79
12-07-2017,Wed,79,13-07-2017,79
13-07-2017,Thu,79,13-07-2017,79
14-07-2017,Fri,80,20-07-2017,80
15-07-2017,Sat,80,20-07-2017,80
16-07-2017,Sun,80,20-07-2017,80
17-07-2017,Mon,80,20-07-2017,80
18-07-2017,Tue,80,20-07-2017,80
19-07-2017,Wed,80,20-07-2017,80
20-07-2017,Thu,80,20-07-2017,80
21-07-2017,Fri,81,27-07-2017,81
22-07-2017,Sat,81,27-07-2017,81
23-07-2017,Sun,81,27-07-2017,81
24-07-2017,Mon,81,27-07-2017,81
25-07-2017,Tue,81,27-07-2017,81
26-07-2017,Wed,81,27-07-2017,81
27-07-2017,Thu,81,27-07-2017,81
28-07-2017,Fri,82,03-08-2017,82
29-07-2017,Sat,82,03-08-2017,82
30-07-2017,Sun,82,03-08-2017,82
31-07-2017,Mon,82,03-08-2017,82
01-08-2017,Tue,82,03-08-2017,82
02-08-2017,Wed,82,03-08-2017,82
03-08-2017,Thu,82,03-08-2017,82
04-08-2017,Fri,83,10-08-2017,83
05-08-2017,Sat,83,10-08-2017,83
06-08-2017,Sun,83,10-08-2017,83
07-08-2017,Mon,83,10-08-2017,83
08-08-2017,Tue,83,10-08-2017,83
09-08-2017,Wed,83,10-08-2017,83
10-08-2017,Thu,83,10-08-2017,83
11-08-2017,Fri,84,17-08-2017,84
12-08-2017,Sat,84,17-08-2017,84
13-08-2017,Sun,84,17-08-2017,84
14-08-2017,Mon,84,17-08-2017,84
15-08-2017,Tue,84,17-08-2017,84
16-08-2017,Wed,84,17-08-2017,84
17-08-2017,Thu,84,17-08-2017,84
18-08-2017,Fri,85,24-08-2017,85
19-08-2017,Sat,85,24-08-2017,85
20-08-2017,Sun,85,24-08-2017,85
21-08-2017,Mon,85,24-08-2017,85
22-08-2017,Tue,85,24-08-2017,85
23-08-2017,Wed,85,24-08-2017,85
24-08-2017,Thu,85,24-08-2017,85
25-08-2017,Fri,86,31-08-2017,86
26-08-2017,Sat,86,31-08-2017,86
27-08-2017,Sun,86,31-08-2017,86
28-08-2017,Mon,86,31-08-2017,86
29-08-2017,Tue,86,31-08-2017,86
30-08-2017,Wed,86,31-08-2017,86
31-08-2017,Thu,86,31-08-2017,86
01-09-2017,Fri,87,07-09-2017,87
02-09-2017,Sat,87,07-09-2017,87
03-09-2017,Sun,87,07-09-2017,87
04-09-2017,Mon,87,07-09-2017,87
05-09-2017,Tue,87,07-09-2017,87
06-09-2017,Wed,87,07-09-2017,87
07-09-2017,Thu,87,07-09-2017,87
08-09-2017,Fri,88,14-09-2017,88
09-09-2017,Sat,88,14-09-2017,88
10-09-2017,Sun,88,14-09-2017,88
11-09-2017,Mon,88,14-09-2017,88
12-09-2017,Tue,88,14-09-2017,88
13-09-2017,Wed,88,14-09-2017,88
14-09-2017,Thu,88,14-09-2017,88
15-09-2017,Fri,89,21-09-2017,89
16-09-2017,Sat,89,21-09-2017,89
17-09-2017,Sun,89,21-09-2017,89
18-09-2017,Mon,89,21-09-2017,89
19-09-2017,Tue,89,21-09-2017,89
20-09-2017,Wed,89,21-09-2017,89
21-09-2017,Thu,89,21-09-2017,89
22-09-2017,Fri,90,28-09-2017,90
23-09-2017,Sat,90,28-09-2017,90
24-09-2017,Sun,90,28-09-2017,90
25-09-2017,Mon,90,28-09-2017,90
26-09-2017,Tue,90,28-09-2017,90
27-09-2017,Wed,90,28-09-2017,90
28-09-2017,Thu,90,28-09-2017,90
29-09-2017,Fri,91,05-10-2017,91
30-09-2017,Sat,91,05-10-2017,91
01-10-2017,Sun,91,05-10-2017,91
02-10-2017,Mon,91,05-10-2017,91
03-10-2017,Tue,91,05-10-2017,91
04-10-2017,Wed,91,05-10-2017,91
05-10-2017,Thu,91,05-10-2017,91
06-10-2017,Fri,92,12-10-2017,92
07-10-2017,Sat,92,12-10-2017,92
08-10-2017,Sun,92,12-10-2017,92
09-10-2017,Mon,92,12-10-2017,92
10-10-2017,Tue,92,12-10-2017,92
11-10-2017,Wed,92,12-10-2017,92
12-10-2017,Thu,92,12-10-2017,92
13-10-2017,Fri,93,18-10-2017,93
14-10-2017,Sat,93,18-10-2017,93
15-10-2017,Sun,93,18-10-2017,93
16-10-2017,Mon,93,18-10-2017,93
17-10-2017,Tue,93,18-10-2017,93
18-10-2017,Wed,93,18-10-2017,93
19-10-2017,Thu,93,26-10-2017,93
20-10-2017,Fri,94,26-10-2017,94
21-10-2017,Sat,94,26-10-2017,94
22-10-2017,Sun,94,26-10-2017,94
23-10-2017,Mon,94,26-10-2017,94
24-10-2017,Tue,94,26-10-2017,94
25-10-2017,Wed,94,26-10-2017,94
26-10-2017,Thu,94,26-10-2017,94
27-10-2017,Fri,95,02-11-2017,95
28-10-2017,Sat,95,02-11-2017,95
29-10-2017,Sun,95,02-11-2017,95
30-10-2017,Mon,95,02-11-2017,95
31-10-2017,Tue,95,02-11-2017,95
01-11-2017,Wed,95,02-11-2017,95
02-11-2017,Thu,95,02-11-2017,95
03-11-2017,Fri,96,09-11-2017,96
04-11-2017,Sat,96,09-11-2017,96
05-11-2017,Sun,96,09-11-2017,96
06-11-2017,Mon,96,09-11-2017,96
07-11-2017,Tue,96,09-11-2017,96
08-11-2017,Wed,96,09-11-2017,96
09-11-2017,Thu,96,09-11-2017,96
10-11-2017,Fri,97,16-11-2017,97
11-11-2017,Sat,97,16-11-2017,97
12-11-2017,Sun,97,16-11-2017,97
13-11-2017,Mon,97,16-11-2017,97
14-11-2017,Tue,97,16-11-2017,97
15-11-2017,Wed,97,16-11-2017,97
16-11-2017,Thu,97,16-11-2017,97
17-11-2017,Fri,98,23-11-2017,98
18-11-2017,Sat,98,23-11-2017,98
19-11-2017,Sun,98,23-11-2017,98
20-11-2017,Mon,98,23-11-2017,98
21-11-2017,Tue,98,23-11-2017,98
22-11-2017,Wed,98,23-11-2017,98
23-11-2017,Thu,98,23-11-2017,98
24-11-2017,Fri,99,30-11-2017,99
25-11-2017,Sat,99,30-11-2017,99
26-11-2017,Sun,99,30-11-2017,99
27-11-2017,Mon,99,30-11-2017,99
28-11-2017,Tue,99,30-11-2017,99
29-11-2017,Wed,99,30-11-2017,99
30-11-2017,Thu,99,30-11-2017,99
01-12-2017,Fri,100,07-12-2017,100
02-12-2017,Sat,100,07-12-2017,100
03-12-2017,Sun,100,07-12-2017,100
04-12-2017,Mon,100,07-12-2017,100
05-12-2017,Tue,100,07-12-2017,100
06-12-2017,Wed,100,07-12-2017,100
07-12-2017,Thu,100,07-12-2017,100
08-12-2017,Fri,101,14-12-2017,101
09-12-2017,Sat,101,14-12-2017,101
10-12-2017,Sun,101,14-12-2017,101
11-12-2017,Mon,101,14-12-2017,101
12-12-2017,Tue,101,14-12-2017,101
13-12-2017,Wed,101,14-12-2017,101
14-12-2017,Thu,101,14-12-2017,101
15-12-2017,Fri,102,21-12-2017,102
16-12-2017,Sat,102,21-12-2017,102
17-12-2017,Sun,102,21-12-2017,102
18-12-2017,Mon,102,21-12-2017,102
19-12-2017,Tue,102,21-12-2017,102
20-12-2017,Wed,102,21-12-2017,102
21-12-2017,Thu,102,21-12-2017,102
22-12-2017,Fri,103,28-12-2017,103
23-12-2017,Sat,103,28-12-2017,103
24-12-2017,Sun,103,28-12-2017,103
25-12-2017,Mon,103,28-12-2017,103
26-12-2017,Tue,103,28-12-2017,103
27-12-2017,Wed,103,28-12-2017,103
28-12-2017,Thu,103,28-12-2017,103
29-12-2017,Fri,104,04-01-2018,104
30-12-2017,Sat,104,04-01-2018,104
31-12-2017,Sun,104,04-01-2018,104
01-01-2018,Mon,104,04-01-2018,104
02-01-2018,Tue,104,04-01-2018,104
03-01-2018,Wed,104,04-01-2018,104
04-01-2018,Thu,104,04-01-2018,104
05-01-2018,Fri,105,11-01-2018,105
06-01-2018,Sat,105,11-01-2018,105
07-01-2018,Sun,105,11-01-2018,105
08-01-2018,Mon,105,11-01-2018,105
09-01-2018,Tue,105,11-01-2018,105
10-01-2018,Wed,105,11-01-2018,105
11-01-2018,Thu,105,11-01-2018,105
12-01-2018,Fri,106,18-01-2018,106
13-01-2018,Sat,106,18-01-2018,106
14-01-2018,Sun,106,18-01-2018,106
15-01-2018,Mon,106,18-01-2018,106
16-01-2018,Tue,106,18-01-2018,106
17-01-2018,Wed,106,18-01-2018,106
18-01-2018,Thu,106,18-01-2018,106
19-01-2018,Fri,107,25-01-2018,107
20-01-2018,Sat,107,25-01-2018,107
21-01-2018,Sun,107,25-01-2018,107
22-01-2018,Mon,107,25-01-2018,107
23-01-2018,Tue,107,25-01-2018,107
24-01-2018,Wed,107,25-01-2018,107
25-01-2018,Thu,107,25-01-2018,107
26-01-2018,Fri,108,01-02-2018,108
27-01-2018,Sat,108,01-02-2018,108
28-01-2018,Sun,108,01-02-2018,108
29-01-2018,Mon,108,01-02-2018,108
30-01-2018,Tue,108,01-02-2018,108
31-01-2018,Wed,108,01-02-2018,108
01-02-2018,Thu,108,01-02-2018,108
02-02-2018,Fri,109,08-02-2018,109
03-02-2018,Sat,109,08-02-2018,109
04-02-2018,Sun,109,08-02-2018,109
05-02-2018,Mon,109,08-02-2018,109
06-02-2018,Tue,109,08-02-2018,109
07-02-2018,Wed,109,08-02-2018,109
08-02-2018,Thu,109,08-02-2018,109
09-02-2018,Fri,110,15-02-2018,110
10-02-2018,Sat,110,15-02-2018,110
11-02-2018,Sun,110,15-02-2018,110
12-02-2018,Mon,110,15-02-2018,110
13-02-2018,Tue,110,15-02-2018,110
14-02-2018,Wed,110,15-02-2018,110
15-02-2018,Thu,110,15-02-2018,110
16-02-2018,Fri,111,22-02-2018,111
17-02-2018,Sat,111,22-02-2018,111
18-02-2018,Sun,111,22-02-2018,111
19-02-2018,Mon,111,22-02-2018,111
20-02-2018,Tue,111,22-02-2018,111
21-02-2018,Wed,111,22-02-2018,111
22-02-2018,Thu,111,22-02-2018,111
23-02-2018,Fri,112,01-03-2018,112
24-02-2018,Sat,112,01-03-2018,112
25-02-2018,Sun,112,01-03-2018,112
26-02-2018,Mon,112,01-03-2018,112
27-02-2018,Tue,112,01-03-2018,112
28-02-2018,Wed,112,01-03-2018,112
01-03-2018,Thu,112,01-03-2018,112
02-03-2018,Fri,113,08-03-2018,113
03-03-2018,Sat,113,08-03-2018,113
04-03-2018,Sun,113,08-03-2018,113
05-03-2018,Mon,113,08-03-2018,113
06-03-2018,Tue,113,08-03-2018,113
07-03-2018,Wed,113,08-03-2018,113
08-03-2018,Thu,113,08-03-2018,113
09-03-2018,Fri,114,15-03-2018,114
10-03-2018,Sat,114,15-03-2018,114
11-03-2018,Sun,114,15-03-2018,114
12-03-2018,Mon,114,15-03-2018,114
13-03-2018,Tue,114,15-03-2018,114
14-03-2018,Wed,114,15-03-2018,114
15-03-2018,Thu,114,15-03-2018,114
16-03-2018,Fri,115,22-03-2018,115
17-03-2018,Sat,115,22-03-2018,115
18-03-2018,Sun,115,22-03-2018,115
19-03-2018,Mon,115,22-03-2018,115
20-03-2018,Tue,115,22-03-2018,115
21-03-2018,Wed,115,22-03-2018,115
22-03-2018,Thu,115,22-03-2018,115
23-03-2018,Fri,116,28-03-2018,116
24-03-2018,Sat,116,28-03-2018,116
25-03-2018,Sun,116,28-03-2018,116
26-03-2018,Mon,116,28-03-2018,116
27-03-2018,Tue,116,28-03-2018,116
28-03-2018,Wed,116,28-03-2018,116
29-03-2018,Thu,116,28-03-2018,116
30-03-2018,Fri,117,05-04-2018,117
31-03-2018,Sat,117,05-04-2018,117
01-04-2018,Sun,117,05-04-2018,117
02-04-2018,Mon,117,05-04-2018,117
03-04-2018,Tue,117,05-04-2018,117
04-04-2018,Wed,117,05-04-2018,117
05-04-2018,Thu,117,05-04-2018,117
06-04-2018,Fri,118,12-04-2018,118
07-04-2018,Sat,118,12-04-2018,118
08-04-2018,Sun,118,12-04-2018,118
09-04-2018,Mon,118,12-04-2018,118
10-04-2018,Tue,118,12-04-2018,118
11-04-2018,Wed,118,12-04-2018,118
12-04-2018,Thu,118,12-04-2018,118
13-04-2018,Fri,119,19-04-2018,119
14-04-2018,Sat,119,19-04-2018,119
15-04-2018,Sun,119,19-04-2018,119
16-04-2018,Mon,119,19-04-2018,119
17-04-2018,Tue,119,19-04-2018,119
18-04-2018,Wed,119,19-04-2018,119
19-04-2018,Thu,119,19-04-2018,119
20-04-2018,Fri,120,26-04-2018,120
21-04-2018,Sat,120,26-04-2018,120
22-04-2018,Sun,120,26-04-2018,120
23-04-2018,Mon,120,26-04-2018,120
24-04-2018,Tue,120,26-04-2018,120
25-04-2018,Wed,120,26-04-2018,120
26-04-2018,Thu,120,26-04-2018,120
27-04-2018,Fri,121,03-05-2018,121
28-04-2018,Sat,121,03-05-2018,121
29-04-2018,Sun,121,03-05-2018,121
30-04-2018,Mon,121,03-05-2018,121
01-05-2018,Tue,121,03-05-2018,121
02-05-2018,Wed,121,03-05-2018,121
03-05-2018,Thu,121,03-05-2018,121
04-05-2018,Fri,122,10-05-2018,122
05-05-2018,Sat,122,10-05-2018,122
06-05-2018,Sun,122,10-05-2018,122
07-05-2018,Mon,122,10-05-2018,122
08-05-2018,Tue,122,10-05-2018,122
09-05-2018,Wed,122,10-05-2018,122
10-05-2018,Thu,122,10-05-2018,122
11-05-2018,Fri,123,17-05-2018,123
12-05-2018,Sat,123,17-05-2018,123
13-05-2018,Sun,123,17-05-2018,123
14-05-2018,Mon,123,17-05-2018,123
15-05-2018,Tue,123,17-05-2018,123
16-05-2018,Wed,123,17-05-2018,123
17-05-2018,Thu,123,17-05-2018,123
18-05-2018,Fri,124,24-05-2018,124
19-05-2018,Sat,124,24-05-2018,124
20-05-2018,Sun,124,24-05-2018,124
21-05-2018,Mon,124,24-05-2018,124
22-05-2018,Tue,124,24-05-2018,124
23-05-2018,Wed,124,24-05-2018,124
24-05-2018,Thu,124,24-05-2018,124
25-05-2018,Fri,125,31-05-2018,125
26-05-2018,Sat,125,31-05-2018,125
27-05-2018,Sun,125,31-05-2018,125
28-05-2018,Mon,125,31-05-2018,125
29-05-2018,Tue,125,31-05-2018,125
30-05-2018,Wed,125,31-05-2018,125
31-05-2018,Thu,125,31-05-2018,125
01-06-2018,Fri,126,07-06-2018,126
02-06-2018,Sat,126,07-06-2018,126
03-06-2018,Sun,126,07-06-2018,126
04-06-2018,Mon,126,07-06-2018,126
05-06-2018,Tue,126,07-06-2018,126
06-06-2018,Wed,126,07-06-2018,126
07-06-2018,Thu,126,07-06-2018,126
08-06-2018,Fri,127,14-06-2018,127
09-06-2018,Sat,127,14-06-2018,127
10-06-2018,Sun,127,14-06-2018,127
11-06-2018,Mon,127,14-06-2018,127
12-06-2018,Tue,127,14-06-2018,127
13-06-2018,Wed,127,14-06-2018,127
14-06-2018,Thu,127,14-06-2018,127
15-06-2018,Fri,128,21-06-2018,128
16-06-2018,Sat,128,21-06-2018,128
17-06-2018,Sun,128,21-06-2018,128
18-06-2018,Mon,128,21-06-2018,128
19-06-2018,Tue,128,21-06-2018,128
20-06-2018,Wed,128,21-06-2018,128
21-06-2018,Thu,128,21-06-2018,128
22-06-2018,Fri,129,28-06-2018,129
23-06-2018,Sat,129,28-06-2018,129
24-06-2018,Sun,129,28-06-2018,129
25-06-2018,Mon,129,28-06-2018,129
26-06-2018,Tue,129,28-06-2018,129
27-06-2018,Wed,129,28-06-2018,129
28-06-2018,Thu,129,28-06-2018,129
29-06-2018,Fri,130,05-07-2018,130
30-06-2018,Sat,130,05-07-2018,130
01-07-2018,Sun,130,05-07-2018,130
02-07-2018,Mon,130,05-07-2018,130
03-07-2018,Tue,130,05-07-2018,130
04-07-2018,Wed,130,05-07-2018,130
05-07-2018,Thu,130,05-07-2018,130
06-07-2018,Fri,131,12-07-2018,131
07-07-2018,Sat,131,12-07-2018,131
08-07-2018,Sun,131,12-07-2018,131
09-07-2018,Mon,131,12-07-2018,131
10-07-2018,Tue,131,12-07-2018,131
11-07-2018,Wed,131,12-07-2018,131
12-07-2018,Thu,131,12-07-2018,131
13-07-2018,Fri,132,19-07-2018,132
14-07-2018,Sat,132,19-07-2018,132
15-07-2018,Sun,132,19-07-2018,132
16-07-2018,Mon,132,19-07-2018,132
17-07-2018,Tue,132,19-07-2018,132
18-07-2018,Wed,132,19-07-2018,132
19-07-2018,Thu,132,19-07-2018,132
20-07-2018,Fri,133,26-07-2018,133
21-07-2018,Sat,133,26-07-2018,133
22-07-2018,Sun,133,26-07-2018,133
23-07-2018,Mon,133,26-07-2018,133
24-07-2018,Tue,133,26-07-2018,133
25-07-2018,Wed,133,26-07-2018,133
26-07-2018,Thu,133,26-07-2018,133
27-07-2018,Fri,134,02-08-2018,134
28-07-2018,Sat,134,02-08-2018,134
29-07-2018,Sun,134,02-08-2018,134
30-07-2018,Mon,134,02-08-2018,134
31-07-2018,Tue,134,02-08-2018,134
01-08-2018,Wed,134,02-08-2018,134
02-08-2018,Thu,134,02-08-2018,134
03-08-2018,Fri,135,09-08-2018,135
04-08-2018,Sat,135,09-08-2018,135
05-08-2018,Sun,135,09-08-2018,135
06-08-2018,Mon,135,09-08-2018,135
07-08-2018,Tue,135,09-08-2018,135
08-08-2018,Wed,135,09-08-2018,135
09-08-2018,Thu,135,09-08-2018,135
10-08-2018,Fri,136,16-08-2018,136
11-08-2018,Sat,136,16-08-2018,136
12-08-2018,Sun,136,16-08-2018,136
13-08-2018,Mon,136,16-08-2018,136
14-08-2018,Tue,136,16-08-2018,136
15-08-2018,Wed,136,16-08-2018,136
16-08-2018,Thu,136,16-08-2018,136
17-08-2018,Fri,137,23-08-2018,137
18-08-2018,Sat,137,23-08-2018,137
19-08-2018,Sun,137,23-08-2018,137
20-08-2018,Mon,137,23-08-2018,137
21-08-2018,Tue,137,23-08-2018,137
22-08-2018,Wed,137,23-08-2018,137
23-08-2018,Thu,137,23-08-2018,137
24-08-2018,Fri,138,30-08-2018,138
25-08-2018,Sat,138,30-08-2018,138
26-08-2018,Sun,138,30-08-2018,138
27-08-2018,Mon,138,30-08-2018,138
28-08-2018,Tue,138,30-08-2018,138
29-08-2018,Wed,138,30-08-2018,138
30-08-2018,Thu,138,30-08-2018,138
31-08-2018,Fri,139,06-09-2018,139
01-09-2018,Sat,139,06-09-2018,139
02-09-2018,Sun,139,06-09-2018,139
03-09-2018,Mon,139,06-09-2018,139
04-09-2018,Tue,139,06-09-2018,139
05-09-2018,Wed,139,06-09-2018,139
06-09-2018,Thu,139,06-09-2018,139
07-09-2018,Fri,140,12-09-2018,140
08-09-2018,Sat,140,12-09-2018,140
09-09-2018,Sun,140,12-09-2018,140
10-09-2018,Mon,140,12-09-2018,140
11-09-2018,Tue,140,12-09-2018,140
12-09-2018,Wed,140,12-09-2018,140
13-09-2018,Thu,140,12-09-2018,140
14-09-2018,Fri,141,19-09-2018,141
15-09-2018,Sat,141,19-09-2018,141
16-09-2018,Sun,141,19-09-2018,141
17-09-2018,Mon,141,19-09-2018,141
18-09-2018,Tue,141,19-09-2018,141
19-09-2018,Wed,141,19-09-2018,141
20-09-2018,Thu,141,19-09-2018,141
21-09-2018,Fri,142,27-09-2018,142
22-09-2018,Sat,142,27-09-2018,142
23-09-2018,Sun,142,27-09-2018,142
24-09-2018,Mon,142,27-09-2018,142
25-09-2018,Tue,142,27-09-2018,142
26-09-2018,Wed,142,27-09-2018,142
27-09-2018,Thu,142,27-09-2018,142
28-09-2018,Fri,143,04-10-2018,143
29-09-2018,Sat,143,04-10-2018,143
30-09-2018,Sun,143,04-10-2018,143
01-10-2018,Mon,143,04-10-2018,143
02-10-2018,Tue,143,04-10-2018,143
03-10-2018,Wed,143,04-10-2018,143
04-10-2018,Thu,143,04-10-2018,143
05-10-2018,Fri,144,11-10-2018,144
06-10-2018,Sat,144,11-10-2018,144
07-10-2018,Sun,144,11-10-2018,144
08-10-2018,Mon,144,11-10-2018,144
09-10-2018,Tue,144,11-10-2018,144
10-10-2018,Wed,144,11-10-2018,144
11-10-2018,Thu,144,11-10-2018,144
12-10-2018,Fri,145,17-10-2018,145
13-10-2018,Sat,145,17-10-2018,145
14-10-2018,Sun,145,17-10-2018,145
15-10-2018,Mon,145,17-10-2018,145
16-10-2018,Tue,145,17-10-2018,145
17-10-2018,Wed,145,17-10-2018,145
18-10-2018,Thu,145,17-10-2018,145
19-10-2018,Fri,146,25-10-2018,146
20-10-2018,Sat,146,25-10-2018,146
21-10-2018,Sun,146,25-10-2018,146
22-10-2018,Mon,146,25-10-2018,146
23-10-2018,Tue,146,25-10-2018,146
24-10-2018,Wed,146,25-10-2018,146
25-10-2018,Thu,146,25-10-2018,146
26-10-2018,Fri,147,01-11-2018,147
27-10-2018,Sat,147,01-11-2018,147
28-10-2018,Sun,147,01-11-2018,147
29-10-2018,Mon,147,01-11-2018,147
30-10-2018,Tue,147,01-11-2018,147
31-10-2018,Wed,147,01-11-2018,147
01-11-2018,Thu,147,01-11-2018,147
02-11-2018,Fri,148,06-11-2018,148
03-11-2018,Sat,148,06-11-2018,148
04-11-2018,Sun,148,06-11-2018,148
05-11-2018,Mon,148,06-11-2018,148
06-11-2018,Tue,148,06-11-2018,148
07-11-2018,Wed,148,06-11-2018,148
08-11-2018,Thu,148,06-11-2018,148
09-11-2018,Fri,149,15-11-2018,149
10-11-2018,Sat,149,15-11-2018,149
11-11-2018,Sun,149,15-11-2018,149
12-11-2018,Mon,149,15-11-2018,149
13-11-2018,Tue,149,15-11-2018,149
14-11-2018,Wed,149,15-11-2018,149
15-11-2018,Thu,149,15-11-2018,149
16-11-2018,Fri,150,22-11-2018,150
17-11-2018,Sat,150,22-11-2018,150
18-11-2018,Sun,150,22-11-2018,150
19-11-2018,Mon,150,22-11-2018,150
20-11-2018,Tue,150,22-11-2018,150
21-11-2018,Wed,150,22-11-2018,150
22-11-2018,Thu,150,22-11-2018,150
23-11-2018,Fri,151,29-11-2018,151
24-11-2018,Sat,151,29-11-2018,151
25-11-2018,Sun,151,29-11-2018,151
26-11-2018,Mon,151,29-11-2018,151
27-11-2018,Tue,151,29-11-2018,151
28-11-2018,Wed,151,29-11-2018,151
29-11-2018,Thu,151,29-11-2018,151
30-11-2018,Fri,152,06-12-2018,152
01-12-2018,Sat,152,06-12-2018,152
02-12-2018,Sun,152,06-12-2018,152
03-12-2018,Mon,152,06-12-2018,152
04-12-2018,Tue,152,06-12-2018,152
05-12-2018,Wed,152,06-12-2018,152
06-12-2018,Thu,152,06-12-2018,152
07-12-2018,Fri,153,13-12-2018,153
08-12-2018,Sat,153,13-12-2018,153
09-12-2018,Sun,153,13-12-2018,153
10-12-2018,Mon,153,13-12-2018,153
11-12-2018,Tue,153,13-12-2018,153
12-12-2018,Wed,153,13-12-2018,153
13-12-2018,Thu,153,13-12-2018,153
14-12-2018,Fri,154,20-12-2018,154
15-12-2018,Sat,154,20-12-2018,154
16-12-2018,Sun,154,20-12-2018,154
17-12-2018,Mon,154,20-12-2018,154
18-12-2018,Tue,154,20-12-2018,154
19-12-2018,Wed,154,20-12-2018,154
20-12-2018,Thu,154,20-12-2018,154
21-12-2018,Fri,155,27-12-2018,155
22-12-2018,Sat,155,27-12-2018,155
23-12-2018,Sun,155,27-12-2018,155
24-12-2018,Mon,155,27-12-2018,155
25-12-2018,Tue,155,27-12-2018,155
26-12-2018,Wed,155,27-12-2018,155
27-12-2018,Thu,155,27-12-2018,155
28-12-2018,Fri,156,03-01-2019,156
29-12-2018,Sat,156,03-01-2019,156
30-12-2018,Sun,156,03-01-2019,156
31-12-2018,Mon,156,03-01-2019,156
01-01-2019,Tue,156,03-01-2019,156
02-01-2019,Wed,156,03-01-2019,156
03-01-2019,Thu,156,03-01-2019,156
04-01-2019,Fri,157,10-01-2019,157
05-01-2019,Sat,157,10-01-2019,157
06-01-2019,Sun,157,10-01-2019,157
07-01-2019,Mon,157,10-01-2019,157
08-01-2019,Tue,157,10-01-2019,157
09-01-2019,Wed,157,10-01-2019,157
10-01-2019,Thu,157,10-01-2019,157
11-01-2019,Fri,158,17-01-2019,158
12-01-2019,Sat,158,17-01-2019,158
13-01-2019,Sun,158,17-01-2019,158
14-01-2019,Mon,158,17-01-2019,158
15-01-2019,Tue,158,17-01-2019,158
16-01-2019,Wed,158,17-01-2019,158
17-01-2019,Thu,158,17-01-2019,158
18-01-2019,Fri,159,24-01-2019,159
19-01-2019,Sat,159,24-01-2019,159
20-01-2019,Sun,159,24-01-2019,159
21-01-2019,Mon,159,24-01-2019,159
22-01-2019,Tue,159,24-01-2019,159
23-01-2019,Wed,159,24-01-2019,159
24-01-2019,Thu,159,24-01-2019,159
25-01-2019,Fri,160,31-01-2019,160
26-01-2019,Sat,160,31-01-2019,160
27-01-2019,Sun,160,31-01-2019,160
28-01-2019,Mon,160,31-01-2019,160
29-01-2019,Tue,160,31-01-2019,160
30-01-2019,Wed,160,31-01-2019,160
31-01-2019,Thu,160,31-01-2019,160
01-02-2019,Fri,161,07-02-2019,161
02-02-2019,Sat,161,07-02-2019,161
03-02-2019,Sun,161,07-02-2019,161
04-02-2019,Mon,161,07-02-2019,161
05-02-2019,Tue,161,07-02-2019,161
06-02-2019,Wed,161,07-02-2019,161
07-02-2019,Thu,161,07-02-2019,161
08-02-2019,Fri,162,14-02-2019,162
09-02-2019,Sat,162,14-02-2019,162
10-02-2019,Sun,162,14-02-2019,162
11-02-2019,Mon,162,14-02-2019,162
12-02-2019,Tue,162,14-02-2019,162
13-02-2019,Wed,162,14-02-2019,162
14-02-2019,Thu,162,14-02-2019,162
15-02-2019,Fri,163,21-02-2019,163
16-02-2019,Sat,163,21-02-2019,163
17-02-2019,Sun,163,21-02-2019,163
18-02-2019,Mon,163,21-02-2019,163
19-02-2019,Tue,163,21-02-2019,163
20-02-2019,Wed,163,21-02-2019,163
21-02-2019,Thu,163,21-02-2019,163
22-02-2019,Fri,164,28-02-2019,164
23-02-2019,Sat,164,28-02-2019,164
24-02-2019,Sun,164,28-02-2019,164
25-02-2019,Mon,164,28-02-2019,164
26-02-2019,Tue,164,28-02-2019,164
27-02-2019,Wed,164,28-02-2019,164
28-02-2019,Thu,164,28-02-2019,164
01-03-2019,Fri,165,07-03-2019,165
02-03-2019,Sat,165,07-03-2019,165
03-03-2019,Sun,165,07-03-2019,165
04-03-2019,Mon,165,07-03-2019,165
05-03-2019,Tue,165,07-03-2019,165
06-03-2019,Wed,165,07-03-2019,165
07-03-2019,Thu,165,07-03-2019,165
08-03-2019,Fri,166,14-03-2019,166
09-03-2019,Sat,166,14-03-2019,166
10-03-2019,Sun,166,14-03-2019,166
11-03-2019,Mon,166,14-03-2019,166
12-03-2019,Tue,166,14-03-2019,166
13-03-2019,Wed,166,14-03-2019,166
14-03-2019,Thu,166,14-03-2019,166
15-03-2019,Fri,167,20-03-2019,167
16-03-2019,Sat,167,20-03-2019,167
17-03-2019,Sun,167,20-03-2019,167
18-03-2019,Mon,167,20-03-2019,167
19-03-2019,Tue,167,20-03-2019,167
20-03-2019,Wed,167,20-03-2019,167
21-03-2019,Thu,167,20-03-2019,167
22-03-2019,Fri,168,28-03-2019,168
23-03-2019,Sat,168,28-03-2019,168
24-03-2019,Sun,168,28-03-2019,168
25-03-2019,Mon,168,28-03-2019,168
26-03-2019,Tue,168,28-03-2019,168
27-03-2019,Wed,168,28-03-2019,168
28-03-2019,Thu,168,28-03-2019,168
29-03-2019,Fri,169,04-04-2019,169
30-03-2019,Sat,169,04-04-2019,169
31-03-2019,Sun,169,04-04-2019,169
01-04-2019,Mon,169,04-04-2019,169
02-04-2019,Tue,169,04-04-2019,169
03-04-2019,Wed,169,04-04-2019,169
04-04-2019,Thu,169,04-04-2019,169
05-04-2019,Fri,170,11-04-2019,170
06-04-2019,Sat,170,11-04-2019,170
07-04-2019,Sun,170,11-04-2019,170
08-04-2019,Mon,170,11-04-2019,170
09-04-2019,Tue,170,11-04-2019,170
10-04-2019,Wed,170,11-04-2019,170
11-04-2019,Thu,170,11-04-2019,170
12-04-2019,Fri,171,18-04-2019,171
13-04-2019,Sat,171,18-04-2019,171
14-04-2019,Sun,171,18-04-2019,171
15-04-2019,Mon,171,18-04-2019,171
16-04-2019,Tue,171,18-04-2019,171
17-04-2019,Wed,171,18-04-2019,171
18-04-2019,Thu,171,18-04-2019,171
19-04-2019,Fri,172,25-04-2019,172
20-04-2019,Sat,172,25-04-2019,172
21-04-2019,Sun,172,25-04-2019,172
22-04-2019,Mon,172,25-04-2019,172
23-04-2019,Tue,172,25-04-2019,172
24-04-2019,Wed,172,25-04-2019,172
25-04-2019,Thu,172,25-04-2019,172
26-04-2019,Fri,173,02-05-2019,173
27-04-2019,Sat,173,02-05-2019,173
28-04-2019,Sun,173,02-05-2019,173
29-04-2019,Mon,173,02-05-2019,173
30-04-2019,Tue,173,02-05-2019,173
01-05-2019,Wed,173,02-05-2019,173
02-05-2019,Thu,173,02-05-2019,173
03-05-2019,Fri,174,09-05-2019,174
04-05-2019,Sat,174,09-05-2019,174
05-05-2019,Sun,174,09-05-2019,174
06-05-2019,Mon,174,09-05-2019,174
07-05-2019,Tue,174,09-05-2019,174
08-05-2019,Wed,174,09-05-2019,174
09-05-2019,Thu,174,09-05-2019,174
10-05-2019,Fri,175,16-05-2019,175
11-05-2019,Sat,175,16-05-2019,175
12-05-2019,Sun,175,16-05-2019,175
13-05-2019,Mon,175,16-05-2019,175
14-05-2019,Tue,175,16-05-2019,175
15-05-2019,Wed,175,16-05-2019,175
16-05-2019,Thu,175,16-05-2019,175
17-05-2019,Fri,176,23-05-2019,176
18-05-2019,Sat,176,23-05-2019,176
19-05-2019,Sun,176,23-05-2019,176
20-05-2019,Mon,176,23-05-2019,176
21-05-2019,Tue,176,23-05-2019,176
22-05-2019,Wed,176,23-05-2019,176
23-05-2019,Thu,176,23-05-2019,176
24-05-2019,Fri,177,30-05-2019,177
25-05-2019,Sat,177,30-05-2019,177
26-05-2019,Sun,177,30-05-2019,177
27-05-2019,Mon,177,30-05-2019,177
28-05-2019,Tue,177,30-05-2019,177
29-05-2019,Wed,177,30-05-2019,177
30-05-2019,Thu,177,30-05-2019,177
31-05-2019,Fri,178,06-06-2019,178
01-06-2019,Sat,178,06-06-2019,178
02-06-2019,Sun,178,06-06-2019,178
03-06-2019,Mon,178,06-06-2019,178
04-06-2019,Tue,178,06-06-2019,178
05-06-2019,Wed,178,06-06-2019,178
06-06-2019,Thu,178,06-06-2019,178
07-06-2019,Fri,179,13-06-2019,179
08-06-2019,Sat,179,13-06-2019,179
09-06-2019,Sun,179,13-06-2019,179
10-06-2019,Mon,179,13-06-2019,179
11-06-2019,Tue,179,13-06-2019,179
12-06-2019,Wed,179,13-06-2019,179
13-06-2019,Thu,179,13-06-2019,179
14-06-2019,Fri,180,20-06-2019,180
15-06-2019,Sat,180,20-06-2019,180
16-06-2019,Sun,180,20-06-2019,180
17-06-2019,Mon,180,20-06-2019,180
18-06-2019,Tue,180,20-06-2019,180
19-06-2019,Wed,180,20-06-2019,180
20-06-2019,Thu,180,20-06-2019,180
21-06-2019,Fri,181,27-06-2019,181
22-06-2019,Sat,181,27-06-2019,181
23-06-2019,Sun,181,27-06-2019,181
24-06-2019,Mon,181,27-06-2019,181
25-06-2019,Tue,181,27-06-2019,181
26-06-2019,Wed,181,27-06-2019,181
27-06-2019,Thu,181,27-06-2019,181
28-06-2019,Fri,182,04-07-2019,182
29-06-2019,Sat,182,04-07-2019,182
30-06-2019,Sun,182,04-07-2019,182
01-07-2019,Mon,182,04-07-2019,182
02-07-2019,Tue,182,04-07-2019,182
03-07-2019,Wed,182,04-07-2019,182
04-07-2019,Thu,182,04-07-2019,182
05-07-2019,Fri,183,11-07-2019,183
06-07-2019,Sat,183,11-07-2019,183
07-07-2019,Sun,183,11-07-2019,183
08-07-2019,Mon,183,11-07-2019,183
09-07-2019,Tue,183,11-07-2019,183
10-07-2019,Wed,183,11-07-2019,183
11-07-2019,Thu,183,11-07-2019,183
12-07-2019,Fri,184,18-07-2019,184
13-07-2019,Sat,184,18-07-2019,184
14-07-2019,Sun,184,18-07-2019,184
15-07-2019,Mon,184,18-07-2019,184
16-07-2019,Tue,184,18-07-2019,184
17-07-2019,Wed,184,18-07-2019,184
18-07-2019,Thu,184,18-07-2019,184
19-07-2019,Fri,185,25-07-2019,185
20-07-2019,Sat,185,25-07-2019,185
21-07-2019,Sun,185,25-07-2019,185
22-07-2019,Mon,185,25-07-2019,185
23-07-2019,Tue,185,25-07-2019,185
24-07-2019,Wed,185,25-07-2019,185
25-07-2019,Thu,185,25-07-2019,185
26-07-2019,Fri,186,01-08-2019,186
27-07-2019,Sat,186,01-08-2019,186
28-07-2019,Sun,186,01-08-2019,186
29-07-2019,Mon,186,01-08-2019,186
30-07-2019,Tue,186,01-08-2019,186
31-07-2019,Wed,186,01-08-2019,186
01-08-2019,Thu,186,01-08-2019,186
02-08-2019,Fri,187,08-08-2019,187
03-08-2019,Sat,187,08-08-2019,187
04-08-2019,Sun,187,08-08-2019,187
05-08-2019,Mon,187,08-08-2019,187
06-08-2019,Tue,187,08-08-2019,187
07-08-2019,Wed,187,08-08-2019,187
08-08-2019,Thu,187,08-08-2019,187
09-08-2019,Fri,188,14-08-2019,188
10-08-2019,Sat,188,14-08-2019,188
11-08-2019,Sun,188,14-08-2019,188
12-08-2019,Mon,188,14-08-2019,188
13-08-2019,Tue,188,14-08-2019,188
14-08-2019,Wed,188,14-08-2019,188
15-08-2019,Thu,188,14-08-2019,188
16-08-2019,Fri,189,22-08-2019,189
17-08-2019,Sat,189,22-08-2019,189
18-08-2019,Sun,189,22-08-2019,189
19-08-2019,Mon,189,22-08-2019,189
20-08-2019,Tue,189,22-08-2019,189
21-08-2019,Wed,189,22-08-2019,189
22-08-2019,Thu,189,22-08-2019,189
23-08-2019,Fri,190,29-08-2019,190
24-08-2019,Sat,190,29-08-2019,190
25-08-2019,Sun,190,29-08-2019,190
26-08-2019,Mon,190,29-08-2019,190
27-08-2019,Tue,190,29-08-2019,190
28-08-2019,Wed,190,29-08-2019,190
29-08-2019,Thu,190,29-08-2019,190
30-08-2019,Fri,191,05-09-2019,191
31-08-2019,Sat,191,05-09-2019,191
01-09-2019,Sun,191,05-09-2019,191
02-09-2019,Mon,191,05-09-2019,191
03-09-2019,Tue,191,05-09-2019,191
04-09-2019,Wed,191,05-09-2019,191
05-09-2019,Thu,191,05-09-2019,191
06-09-2019,Fri,192,12-09-2019,192
07-09-2019,Sat,192,12-09-2019,192
08-09-2019,Sun,192,12-09-2019,192
09-09-2019,Mon,192,12-09-2019,192
10-09-2019,Tue,192,12-09-2019,192
11-09-2019,Wed,192,12-09-2019,192
12-09-2019,Thu,192,12-09-2019,192
13-09-2019,Fri,193,19-09-2019,193
14-09-2019,Sat,193,19-09-2019,193
15-09-2019,Sun,193,19-09-2019,193
16-09-2019,Mon,193,19-09-2019,193
17-09-2019,Tue,193,19-09-2019,193
18-09-2019,Wed,193,19-09-2019,193
19-09-2019,Thu,193,19-09-2019,193
20-09-2019,Fri,194,26-09-2019,194
21-09-2019,Sat,194,26-09-2019,194
22-09-2019,Sun,194,26-09-2019,194
23-09-2019,Mon,194,26-09-2019,194
24-09-2019,Tue,194,26-09-2019,194
25-09-2019,Wed,194,26-09-2019,194
26-09-2019,Thu,194,26-09-2019,194
27-09-2019,Fri,195,03-10-2019,195
28-09-2019,Sat,195,03-10-2019,195
29-09-2019,Sun,195,03-10-2019,195
30-09-2019,Mon,195,03-10-2019,195
01-10-2019,Tue,195,03-10-2019,195
02-10-2019,Wed,195,03-10-2019,195
03-10-2019,Thu,195,03-10-2019,195
04-10-2019,Fri,196,10-10-2019,196
05-10-2019,Sat,196,10-10-2019,196
06-10-2019,Sun,196,10-10-2019,196
07-10-2019,Mon,196,10-10-2019,196
08-10-2019,Tue,196,10-10-2019,196
09-10-2019,Wed,196,10-10-2019,196
10-10-2019,Thu,196,10-10-2019,196
11-10-2019,Fri,197,17-10-2019,197
12-10-2019,Sat,197,17-10-2019,197
13-10-2019,Sun,197,17-10-2019,197
14-10-2019,Mon,197,17-10-2019,197
15-10-2019,Tue,197,17-10-2019,197
16-10-2019,Wed,197,17-10-2019,197
17-10-2019,Thu,197,17-10-2019,197
18-10-2019,Fri,198,24-10-2019,198
19-10-2019,Sat,198,24-10-2019,198
20-10-2019,Sun,198,24-10-2019,198
21-10-2019,Mon,198,24-10-2019,198
22-10-2019,Tue,198,24-10-2019,198
23-10-2019,Wed,198,24-10-2019,198
24-10-2019,Thu,198,24-10-2019,198
25-10-2019,Fri,199,31-10-2019,199
26-10-2019,Sat,199,31-10-2019,199
27-10-2019,Sun,199,31-10-2019,199
28-10-2019,Mon,199,31-10-2019,199
29-10-2019,Tue,199,31-10-2019,199
30-10-2019,Wed,199,31-10-2019,199
31-10-2019,Thu,199,31-10-2019,199
01-11-2019,Fri,200,07-11-2019,200
02-11-2019,Sat,200,07-11-2019,200
03-11-2019,Sun,200,07-11-2019,200
04-11-2019,Mon,200,07-11-2019,200
05-11-2019,Tue,200,07-11-2019,200
06-11-2019,Wed,200,07-11-2019,200
07-11-2019,Thu,200,07-11-2019,200
08-11-2019,Fri,201,14-11-2019,201
09-11-2019,Sat,201,14-11-2019,201
10-11-2019,Sun,201,14-11-2019,201
11-11-2019,Mon,201,14-11-2019,201
12-11-2019,Tue,201,14-11-2019,201
13-11-2019,Wed,201,14-11-2019,201
14-11-2019,Thu,201,14-11-2019,201
15-11-2019,Fri,202,21-11-2019,202
16-11-2019,Sat,202,21-11-2019,202
17-11-2019,Sun,202,21-11-2019,202
18-11-2019,Mon,202,21-11-2019,202
19-11-2019,Tue,202,21-11-2019,202
20-11-2019,Wed,202,21-11-2019,202
21-11-2019,Thu,202,21-11-2019,202
22-11-2019,Fri,203,28-11-2019,203
23-11-2019,Sat,203,28-11-2019,203
24-11-2019,Sun,203,28-11-2019,203
25-11-2019,Mon,203,28-11-2019,203
26-11-2019,Tue,203,28-11-2019,203
27-11-2019,Wed,203,28-11-2019,203
28-11-2019,Thu,203,28-11-2019,203
29-11-2019,Fri,204,05-12-2019,204
30-11-2019,Sat,204,05-12-2019,204
01-12-2019,Sun,204,05-12-2019,204
02-12-2019,Mon,204,05-12-2019,204
03-12-2019,Tue,204,05-12-2019,204
04-12-2019,Wed,204,05-12-2019,204
05-12-2019,Thu,204,05-12-2019,204
06-12-2019,Fri,205,12-12-2019,205
07-12-2019,Sat,205,12-12-2019,205
08-12-2019,Sun,205,12-12-2019,205
09-12-2019,Mon,205,12-12-2019,205
10-12-2019,Tue,205,12-12-2019,205
11-12-2019,Wed,205,12-12-2019,205
12-12-2019,Thu,205,12-12-2019,205
13-12-2019,Fri,206,19-12-2019,206
14-12-2019,Sat,206,19-12-2019,206
15-12-2019,Sun,206,19-12-2019,206
16-12-2019,Mon,206,19-12-2019,206
17-12-2019,Tue,206,19-12-2019,206
18-12-2019,Wed,206,19-12-2019,206
19-12-2019,Thu,206,19-12-2019,206
20-12-2019,Fri,207,26-12-2019,207
21-12-2019,Sat,207,26-12-2019,207
22-12-2019,Sun,207,26-12-2019,207
23-12-2019,Mon,207,26-12-2019,207
24-12-2019,Tue,207,26-12-2019,207
25-12-2019,Wed,207,26-12-2019,207
26-12-2019,Thu,207,26-12-2019,207
27-12-2019,Fri,208,02-01-2020,208
28-12-2019,Sat,208,02-01-2020,208
29-12-2019,Sun,208,02-01-2020,208
30-12-2019,Mon,208,02-01-2020,208
31-12-2019,Tue,208,02-01-2020,208
01-01-2020,Wed,208,02-01-2020,208
02-01-2020,Thu,208,02-01-2020,208
03-01-2020,Fri,209,09-01-2020,209
04-01-2020,Sat,209,09-01-2020,209
05-01-2020,Sun,209,09-01-2020,209
06-01-2020,Mon,209,09-01-2020,209
07-01-2020,Tue,209,09-01-2020,209
08-01-2020,Wed,209,09-01-2020,209
09-01-2020,Thu,209,09-01-2020,209
10-01-2020,Fri,210,16-01-2020,210
11-01-2020,Sat,210,16-01-2020,210
12-01-2020,Sun,210,16-01-2020,210
13-01-2020,Mon,210,16-01-2020,210
14-01-2020,Tue,210,16-01-2020,210
15-01-2020,Wed,210,16-01-2020,210
16-01-2020,Thu,210,16-01-2020,210
17-01-2020,Fri,211,23-01-2020,211
18-01-2020,Sat,211,23-01-2020,211
19-01-2020,Sun,211,23-01-2020,211
20-01-2020,Mon,211,23-01-2020,211
21-01-2020,Tue,211,23-01-2020,211
22-01-2020,Wed,211,23-01-2020,211
23-01-2020,Thu,211,23-01-2020,211
24-01-2020,Fri,212,30-01-2020,212
25-01-2020,Sat,212,30-01-2020,212
26-01-2020,Sun,212,30-01-2020,212
27-01-2020,Mon,212,30-01-2020,212
28-01-2020,Tue,212,30-01-2020,212
29-01-2020,Wed,212,30-01-2020,212
30-01-2020,Thu,212,30-01-2020,212
31-01-2020,Fri,213,06-02-2020,213
01-02-2020,Sat,213,06-02-2020,213
02-02-2020,Sun,213,06-02-2020,213
03-02-2020,Mon,213,06-02-2020,213
04-02-2020,Tue,213,06-02-2020,213
05-02-2020,Wed,213,06-02-2020,213
06-02-2020,Thu,213,06-02-2020,213
07-02-2020,Fri,214,13-02-2020,214
08-02-2020,Sat,214,13-02-2020,214
09-02-2020,Sun,214,13-02-2020,214
10-02-2020,Mon,214,13-02-2020,214
11-02-2020,Tue,214,13-02-2020,214
12-02-2020,Wed,214,13-02-2020,214
13-02-2020,Thu,214,13-02-2020,214
14-02-2020,Fri,215,20-02-2020,215
15-02-2020,Sat,215,20-02-2020,215
16-02-2020,Sun,215,20-02-2020,215
17-02-2020,Mon,215,20-02-2020,215
18-02-2020,Tue,215,20-02-2020,215
19-02-2020,Wed,215,20-02-2020,215
20-02-2020,Thu,215,20-02-2020,215
21-02-2020,Fri,216,27-02-2020,216
22-02-2020,Sat,216,27-02-2020,216
23-02-2020,Sun,216,27-02-2020,216
24-02-2020,Mon,216,27-02-2020,216
25-02-2020,Tue,216,27-02-2020,216
26-02-2020,Wed,216,27-02-2020,216
27-02-2020,Thu,216,27-02-2020,216
28-02-2020,Fri,217,05-03-2020,217
29-02-2020,Sat,217,05-03-2020,217
01-03-2020,Sun,217,05-03-2020,217
02-03-2020,Mon,217,05-03-2020,217
03-03-2020,Tue,217,05-03-2020,217
04-03-2020,Wed,217,05-03-2020,217
05-03-2020,Thu,217,05-03-2020,217
06-03-2020,Fri,218,12-03-2020,218
07-03-2020,Sat,218,12-03-2020,218
08-03-2020,Sun,218,12-03-2020,218
09-03-2020,Mon,218,12-03-2020,218
10-03-2020,Tue,218,12-03-2020,218
11-03-2020,Wed,218,12-03-2020,218
12-03-2020,Thu,218,12-03-2020,218
13-03-2020,Fri,219,19-03-2020,219
14-03-2020,Sat,219,19-03-2020,219
15-03-2020,Sun,219,19-03-2020,219
16-03-2020,Mon,219,19-03-2020,219
17-03-2020,Tue,219,19-03-2020,219
18-03-2020,Wed,219,19-03-2020,219
19-03-2020,Thu,219,19-03-2020,219
20-03-2020,Fri,220,26-03-2020,220
21-03-2020,Sat,220,26-03-2020,220
22-03-2020,Sun,220,26-03-2020,220
23-03-2020,Mon,220,26-03-2020,220
24-03-2020,Tue,220,26-03-2020,220
25-03-2020,Wed,220,26-03-2020,220
26-03-2020,Thu,220,26-03-2020,220
27-03-2020,Fri,221,01-04-2020,221
28-03-2020,Sat,221,01-04-2020,221
29-03-2020,Sun,221,01-04-2020,221
30-03-2020,Mon,221,01-04-2020,221
31-03-2020,Tue,221,01-04-2020,221
01-04-2020,Wed,221,01-04-2020,221
02-04-2020,Thu,221,01-04-2020,221
03-04-2020,Fri,222,09-04-2020,222
04-04-2020,Sat,222,09-04-2020,222
05-04-2020,Sun,222,09-04-2020,222
06-04-2020,Mon,222,09-04-2020,222
07-04-2020,Tue,222,09-04-2020,222
08-04-2020,Wed,222,09-04-2020,222
09-04-2020,Thu,222,09-04-2020,222
10-04-2020,Fri,223,16-04-2020,223
11-04-2020,Sat,223,16-04-2020,223
12-04-2020,Sun,223,16-04-2020,223
13-04-2020,Mon,223,16-04-2020,223
14-04-2020,Tue,223,16-04-2020,223
15-04-2020,Wed,223,16-04-2020,223
16-04-2020,Thu,223,16-04-2020,223
17-04-2020,Fri,224,23-04-2020,224
18-04-2020,Sat,224,23-04-2020,224
19-04-2020,Sun,224,23-04-2020,224
20-04-2020,Mon,224,23-04-2020,224
21-04-2020,Tue,224,23-04-2020,224
22-04-2020,Wed,224,23-04-2020,224
23-04-2020,Thu,224,23-04-2020,224
24-04-2020,Fri,225,30-04-2020,225
25-04-2020,Sat,225,30-04-2020,225
26-04-2020,Sun,225,30-04-2020,225
27-04-2020,Mon,225,30-04-2020,225
28-04-2020,Tue,225,30-04-2020,225
29-04-2020,Wed,225,30-04-2020,225
30-04-2020,Thu,225,30-04-2020,225
01-05-2020,Fri,226,07-05-2020,226
02-05-2020,Sat,226,07-05-2020,226
03-05-2020,Sun,226,07-05-2020,226
04-05-2020,Mon,226,07-05-2020,226
05-05-2020,Tue,226,07-05-2020,226
06-05-2020,Wed,226,07-05-2020,226
07-05-2020,Thu,226,07-05-2020,226
08-05-2020,Fri,227,14-05-2020,227
09-05-2020,Sat,227,14-05-2020,227
10-05-2020,Sun,227,14-05-2020,227
11-05-2020,Mon,227,14-05-2020,227
12-05-2020,Tue,227,14-05-2020,227
13-05-2020,Wed,227,14-05-2020,227
14-05-2020,Thu,227,14-05-2020,227
15-05-2020,Fri,228,21-05-2020,228
16-05-2020,Sat,228,21-05-2020,228
17-05-2020,Sun,228,21-05-2020,228
18-05-2020,Mon,228,21-05-2020,228
19-05-2020,Tue,228,21-05-2020,228
20-05-2020,Wed,228,21-05-2020,228
21-05-2020,Thu,228,21-05-2020,228
22-05-2020,Fri,229,28-05-2020,229
23-05-2020,Sat,229,28-05-2020,229
24-05-2020,Sun,229,28-05-2020,229
25-05-2020,Mon,229,28-05-2020,229
26-05-2020,Tue,229,28-05-2020,229
27-05-2020,Wed,229,28-05-2020,229
28-05-2020,Thu,229,28-05-2020,229
29-05-2020,Fri,230,04-06-2020,230
30-05-2020,Sat,230,04-06-2020,230
31-05-2020,Sun,230,04-06-2020,230
01-06-2020,Mon,230,04-06-2020,230
02-06-2020,Tue,230,04-06-2020,230
03-06-2020,Wed,230,04-06-2020,230
04-06-2020,Thu,230,04-06-2020,230
05-06-2020,Fri,231,11-06-2020,231
06-06-2020,Sat,231,11-06-2020,231
07-06-2020,Sun,231,11-06-2020,231
08-06-2020,Mon,231,11-06-2020,231
09-06-2020,Tue,231,11-06-2020,231
10-06-2020,Wed,231,11-06-2020,231
11-06-2020,Thu,231,11-06-2020,231
12-06-2020,Fri,232,18-06-2020,232
13-06-2020,Sat,232,18-06-2020,232
14-06-2020,Sun,232,18-06-2020,232
15-06-2020,Mon,232,18-06-2020,232
16-06-2020,Tue,232,18-06-2020,232
17-06-2020,Wed,232,18-06-2020,232
18-06-2020,Thu,232,18-06-2020,232
19-06-2020,Fri,233,25-06-2020,233
20-06-2020,Sat,233,25-06-2020,233
21-06-2020,Sun,233,25-06-2020,233
22-06-2020,Mon,233,25-06-2020,233
23-06-2020,Tue,233,25-06-2020,233
24-06-2020,Wed,233,25-06-2020,233
25-06-2020,Thu,233,25-06-2020,233
26-06-2020,Fri,234,02-07-2020,234
27-06-2020,Sat,234,02-07-2020,234
28-06-2020,Sun,234,02-07-2020,234
29-06-2020,Mon,234,02-07-2020,234
30-06-2020,Tue,234,02-07-2020,234
01-07-2020,Wed,234,02-07-2020,234
02-07-2020,Thu,234,02-07-2020,234
03-07-2020,Fri,235,09-07-2020,235
04-07-2020,Sat,235,09-07-2020,235
05-07-2020,Sun,235,09-07-2020,235
06-07-2020,Mon,235,09-07-2020,235
07-07-2020,Tue,235,09-07-2020,235
08-07-2020,Wed,235,09-07-2020,235
09-07-2020,Thu,235,09-07-2020,235
10-07-2020,Fri,236,16-07-2020,236
11-07-2020,Sat,236,16-07-2020,236
12-07-2020,Sun,236,16-07-2020,236
13-07-2020,Mon,236,16-07-2020,236
14-07-2020,Tue,236,16-07-2020,236
15-07-2020,Wed,236,16-07-2020,236
16-07-2020,Thu,236,16-07-2020,236
17-07-2020,Fri,237,23-07-2020,237
18-07-2020,Sat,237,23-07-2020,237
19-07-2020,Sun,237,23-07-2020,237
20-07-2020,Mon,237,23-07-2020,237
21-07-2020,Tue,237,23-07-2020,237
22-07-2020,Wed,237,23-07-2020,237
23-07-2020,Thu,237,23-07-2020,237
24-07-2020,Fri,238,30-07-2020,238
25-07-2020,Sat,238,30-07-2020,238
26-07-2020,Sun,238,30-07-2020,238
27-07-2020,Mon,238,30-07-2020,238
28-07-2020,Tue,238,30-07-2020,238
29-07-2020,Wed,238,30-07-2020,238
30-07-2020,Thu,238,30-07-2020,238
31-07-2020,Fri,239,06-08-2020,239
01-08-2020,Sat,239,06-08-2020,239
02-08-2020,Sun,239,06-08-2020,239
03-08-2020,Mon,239,06-08-2020,239
04-08-2020,Tue,239,06-08-2020,239
05-08-2020,Wed,239,06-08-2020,239
06-08-2020,Thu,239,06-08-2020,239
07-08-2020,Fri,240,13-08-2020,240
08-08-2020,Sat,240,13-08-2020,240
09-08-2020,Sun,240,13-08-2020,240
10-08-2020,Mon,240,13-08-2020,240
11-08-2020,Tue,240,13-08-2020,240
12-08-2020,Wed,240,13-08-2020,240
13-08-2020,Thu,240,13-08-2020,240
14-08-2020,Fri,241,20-08-2020,241
15-08-2020,Sat,241,20-08-2020,241
16-08-2020,Sun,241,20-08-2020,241
17-08-2020,Mon,241,20-08-2020,241
18-08-2020,Tue,241,20-08-2020,241
19-08-2020,Wed,241,20-08-2020,241
20-08-2020,Thu,241,20-08-2020,241
21-08-2020,Fri,242,27-08-2020,242
22-08-2020,Sat,242,27-08-2020,242
23-08-2020,Sun,242,27-08-2020,242
24-08-2020,Mon,242,27-08-2020,242
25-08-2020,Tue,242,27-08-2020,242
26-08-2020,Wed,242,27-08-2020,242
27-08-2020,Thu,242,27-08-2020,242
28-08-2020,Fri,243,03-09-2020,243
29-08-2020,Sat,243,03-09-2020,243
30-08-2020,Sun,243,03-09-2020,243
31-08-2020,Mon,243,03-09-2020,243
01-09-2020,Tue,243,03-09-2020,243
02-09-2020,Wed,243,03-09-2020,243
03-09-2020,Thu,243,03-09-2020,243
04-09-2020,Fri,244,10-09-2020,244
05-09-2020,Sat,244,10-09-2020,244
06-09-2020,Sun,244,10-09-2020,244
07-09-2020,Mon,244,10-09-2020,244
08-09-2020,Tue,244,10-09-2020,244
09-09-2020,Wed,244,10-09-2020,244
10-09-2020,Thu,244,10-09-2020,244
11-09-2020,Fri,245,17-09-2020,245
12-09-2020,Sat,245,17-09-2020,245
13-09-2020,Sun,245,17-09-2020,245
14-09-2020,Mon,245,17-09-2020,245
15-09-2020,Tue,245,17-09-2020,245
16-09-2020,Wed,245,17-09-2020,245
17-09-2020,Thu,245,17-09-2020,245
18-09-2020,Fri,246,24-09-2020,246
19-09-2020,Sat,246,24-09-2020,246
20-09-2020,Sun,246,24-09-2020,246
21-09-2020,Mon,246,24-09-2020,246
22-09-2020,Tue,246,24-09-2020,246
23-09-2020,Wed,246,24-09-2020,246
24-09-2020,Thu,246,24-09-2020,246
25-09-2020,Fri,247,01-10-2020,247
26-09-2020,Sat,247,01-10-2020,247
27-09-2020,Sun,247,01-10-2020,247
28-09-2020,Mon,247,01-10-2020,247
29-09-2020,Tue,247,01-10-2020,247
30-09-2020,Wed,247,01-10-2020,247
01-10-2020,Thu,247,01-10-2020,247
02-10-2020,Fri,248,08-10-2020,248
03-10-2020,Sat,248,08-10-2020,248
04-10-2020,Sun,248,08-10-2020,248
05-10-2020,Mon,248,08-10-2020,248
06-10-2020,Tue,248,08-10-2020,248
07-10-2020,Wed,248,08-10-2020,248
08-10-2020,Thu,248,08-10-2020,248
09-10-2020,Fri,249,15-10-2020,249
10-10-2020,Sat,249,15-10-2020,249
11-10-2020,Sun,249,15-10-2020,249
12-10-2020,Mon,249,15-10-2020,249
13-10-2020,Tue,249,15-10-2020,249
14-10-2020,Wed,249,15-10-2020,249
15-10-2020,Thu,249,15-10-2020,249
16-10-2020,Fri,250,22-10-2020,250
17-10-2020,Sat,250,22-10-2020,250
18-10-2020,Sun,250,22-10-2020,250
19-10-2020,Mon,250,22-10-2020,250
20-10-2020,Tue,250,22-10-2020,250
21-10-2020,Wed,250,22-10-2020,250
22-10-2020,Thu,250,22-10-2020,250
23-10-2020,Fri,251,29-10-2020,251
24-10-2020,Sat,251,29-10-2020,251
25-10-2020,Sun,251,29-10-2020,251
26-10-2020,Mon,251,29-10-2020,251
27-10-2020,Tue,251,29-10-2020,251
28-10-2020,Wed,251,29-10-2020,251
29-10-2020,Thu,251,29-10-2020,251
30-10-2020,Fri,252,05-11-2020,252
31-10-2020,Sat,252,05-11-2020,252
01-11-2020,Sun,252,05-11-2020,252
02-11-2020,Mon,252,05-11-2020,252
03-11-2020,Tue,252,05-11-2020,252
04-11-2020,Wed,252,05-11-2020,252
05-11-2020,Thu,252,05-11-2020,252
06-11-2020,Fri,253,12-11-2020,253
07-11-2020,Sat,253,12-11-2020,253
08-11-2020,Sun,253,12-11-2020,253
09-11-2020,Mon,253,12-11-2020,253
10-11-2020,Tue,253,12-11-2020,253
11-11-2020,Wed,253,12-11-2020,253
12-11-2020,Thu,253,12-11-2020,253
13-11-2020,Fri,254,19-11-2020,254
14-11-2020,Sat,254,19-11-2020,254
15-11-2020,Sun,254,19-11-2020,254
16-11-2020,Mon,254,19-11-2020,254
17-11-2020,Tue,254,19-11-2020,254
18-11-2020,Wed,254,19-11-2020,254
19-11-2020,Thu,254,19-11-2020,254
20-11-2020,Fri,255,26-11-2020,255
21-11-2020,Sat,255,26-11-2020,255
22-11-2020,Sun,255,26-11-2020,255
23-11-2020,Mon,255,26-11-2020,255
24-11-2020,Tue,255,26-11-2020,255
25-11-2020,Wed,255,26-11-2020,255
26-11-2020,Thu,255,26-11-2020,255
27-11-2020,Fri,256,03-12-2020,256
28-11-2020,Sat,256,03-12-2020,256
29-11-2020,Sun,256,03-12-2020,256
30-11-2020,Mon,256,03-12-2020,256
01-12-2020,Tue,256,03-12-2020,256
02-12-2020,Wed,256,03-12-2020,256
03-12-2020,Thu,256,03-12-2020,256
04-12-2020,Fri,257,10-12-2020,257
05-12-2020,Sat,257,10-12-2020,257
06-12-2020,Sun,257,10-12-2020,257
07-12-2020,Mon,257,10-12-2020,257
08-12-2020,Tue,257,10-12-2020,257
09-12-2020,Wed,257,10-12-2020,257
10-12-2020,Thu,257,10-12-2020,257
11-12-2020,Fri,258,17-12-2020,258
12-12-2020,Sat,258,17-12-2020,258
13-12-2020,Sun,258,17-12-2020,258
14-12-2020,Mon,258,17-12-2020,258
15-12-2020,Tue,258,17-12-2020,258
16-12-2020,Wed,258,17-12-2020,258
17-12-2020,Thu,258,17-12-2020,258
18-12-2020,Fri,259,24-12-2020,259
19-12-2020,Sat,259,24-12-2020,259
20-12-2020,Sun,259,24-12-2020,259
21-12-2020,Mon,259,24-12-2020,259
22-12-2020,Tue,259,24-12-2020,259
23-12-2020,Wed,259,24-12-2020,259
24-12-2020,Thu,259,24-12-2020,259
25-12-2020,Fri,260,31-12-2020,260
26-12-2020,Sat,260,31-12-2020,260
27-12-2020,Sun,260,31-12-2020,260
28-12-2020,Mon,260,31-12-2020,260
29-12-2020,Tue,260,31-12-2020,260
30-12-2020,Wed,260,31-12-2020,260
31-12-2020,Thu,260,31-12-2020,260
01-01-2021,Fri,261,07-01-2021,261
02-01-2021,Sat,261,07-01-2021,261
03-01-2021,Sun,261,07-01-2021,261
04-01-2021,Mon,261,07-01-2021,261
05-01-2021,Tue,261,07-01-2021,261
06-01-2021,Wed,261,07-01-2021,261
07-01-2021,Thu,261,07-01-2021,261
08-01-2021,Fri,262,14-01-2021,262
09-01-2021,Sat,262,14-01-2021,262
10-01-2021,Sun,262,14-01-2021,262
11-01-2021,Mon,262,14-01-2021,262
12-01-2021,Tue,262,14-01-2021,262
13-01-2021,Wed,262,14-01-2021,262
14-01-2021,Thu,262,14-01-2021,262
15-01-2021,Fri,263,21-01-2021,263
16-01-2021,Sat,263,21-01-2021,263
17-01-2021,Sun,263,21-01-2021,263
18-01-2021,Mon,263,21-01-2021,263
19-01-2021,Tue,263,21-01-2021,263
20-01-2021,Wed,263,21-01-2021,263
21-01-2021,Thu,263,21-01-2021,263
22-01-2021,Fri,264,28-01-2021,264
23-01-2021,Sat,264,28-01-2021,264
24-01-2021,Sun,264,28-01-2021,264
25-01-2021,Mon,264,28-01-2021,264
26-01-2021,Tue,264,28-01-2021,264
27-01-2021,Wed,264,28-01-2021,264
28-01-2021,Thu,264,28-01-2021,264
29-01-2021,Fri,265,04-02-2021,265
30-01-2021,Sat,265,04-02-2021,265
31-01-2021,Sun,265,04-02-2021,265
01-02-2021,Mon,265,04-02-2021,265
02-02-2021,Tue,265,04-02-2021,265
03-02-2021,Wed,265,04-02-2021,265
04-02-2021,Thu,265,04-02-2021,265
05-02-2021,Fri,266,11-02-2021,266
06-02-2021,Sat,266,11-02-2021,266
07-02-2021,Sun,266,11-02-2021,266
08-02-2021,Mon,266,11-02-2021,266
09-02-2021,Tue,266,11-02-2021,266
10-02-2021,Wed,266,11-02-2021,266
11-02-2021,Thu,266,11-02-2021,266
12-02-2021,Fri,267,18-02-2021,267
13-02-2021,Sat,267,18-02-2021,267
14-02-2021,Sun,267,18-02-2021,267
15-02-2021,Mon,267,18-02-2021,267
16-02-2021,Tue,267,18-02-2021,267
17-02-2021,Wed,267,18-02-2021,267
18-02-2021,Thu,267,18-02-2021,267
19-02-2021,Fri,268,25-02-2021,268
20-02-2021,Sat,268,25-02-2021,268
21-02-2021,Sun,268,25-02-2021,268
22-02-2021,Mon,268,25-02-2021,268
23-02-2021,Tue,268,25-02-2021,268
24-02-2021,Wed,268,25-02-2021,268
25-02-2021,Thu,268,25-02-2021,268
26-02-2021,Fri,269,04-03-2021,269
27-02-2021,Sat,269,04-03-2021,269
28-02-2021,Sun,269,04-03-2021,269
01-03-2021,Mon,269,04-03-2021,269
02-03-2021,Tue,269,04-03-2021,269
03-03-2021,Wed,269,04-03-2021,269
04-03-2021,Thu,269,04-03-2021,269
05-03-2021,Fri,270,10-03-2021,270
06-03-2021,Sat,270,10-03-2021,270
07-03-2021,Sun,270,10-03-2021,270
08-03-2021,Mon,270,10-03-2021,270
09-03-2021,Tue,270,10-03-2021,270
10-03-2021,Wed,270,10-03-2021,270
11-03-2021,Thu,270,10-03-2021,270
12-03-2021,Fri,271,18-03-2021,271
13-03-2021,Sat,271,18-03-2021,271
14-03-2021,Sun,271,18-03-2021,271
15-03-2021,Mon,271,18-03-2021,271
16-03-2021,Tue,271,18-03-2021,271
17-03-2021,Wed,271,18-03-2021,271
18-03-2021,Thu,271,18-03-2021,271
19-03-2021,Fri,272,25-03-2021,272
20-03-2021,Sat,272,25-03-2021,272
21-03-2021,Sun,272,25-03-2021,272
22-03-2021,Mon,272,25-03-2021,272
23-03-2021,Tue,272,25-03-2021,272
24-03-2021,Wed,272,25-03-2021,272
25-03-2021,Thu,272,25-03-2021,272
26-03-2021,Fri,273,01-04-2021,273
27-03-2021,Sat,273,01-04-2021,273
28-03-2021,Sun,273,01-04-2021,273
29-03-2021,Mon,273,01-04-2021,273
30-03-2021,Tue,273,01-04-2021,273
31-03-2021,Wed,273,01-04-2021,273
01-04-2021,Thu,273,01-04-2021,273
02-04-2021,Fri,274,08-04-2021,274
03-04-2021,Sat,274,08-04-2021,274
04-04-2021,Sun,274,08-04-2021,274
05-04-2021,Mon,274,08-04-2021,274
06-04-2021,Tue,274,08-04-2021,274
07-04-2021,Wed,274,08-04-2021,274
08-04-2021,Thu,274,08-04-2021,274
09-04-2021,Fri,275,15-04-2021,275
10-04-2021,Sat,275,15-04-2021,275
11-04-2021,Sun,275,15-04-2021,275
12-04-2021,Mon,275,15-04-2021,275
13-04-2021,Tue,275,15-04-2021,275
14-04-2021,Wed,275,15-04-2021,275
15-04-2021,Thu,275,15-04-2021,275
16-04-2021,Fri,276,22-04-2021,276
17-04-2021,Sat,276,22-04-2021,276
18-04-2021,Sun,276,22-04-2021,276
19-04-2021,Mon,276,22-04-2021,276
20-04-2021,Tue,276,22-04-2021,276
21-04-2021,Wed,276,22-04-2021,276
22-04-2021,Thu,276,22-04-2021,276
23-04-2021,Fri,277,29-04-2021,277
24-04-2021,Sat,277,29-04-2021,277
25-04-2021,Sun,277,29-04-2021,277
26-04-2021,Mon,277,29-04-2021,277
27-04-2021,Tue,277,29-04-2021,277
28-04-2021,Wed,277,29-04-2021,277
29-04-2021,Thu,277,29-04-2021,277
30-04-2021,Fri,278,06-05-2021,278
01-05-2021,Sat,278,06-05-2021,278
02-05-2021,Sun,278,06-05-2021,278
03-05-2021,Mon,278,06-05-2021,278
04-05-2021,Tue,278,06-05-2021,278
05-05-2021,Wed,278,06-05-2021,278
06-05-2021,Thu,278,06-05-2021,278
07-05-2021,Fri,279,12-05-2021,279
08-05-2021,Sat,279,12-05-2021,279
09-05-2021,Sun,279,12-05-2021,279
10-05-2021,Mon,279,12-05-2021,279
11-05-2021,Tue,279,12-05-2021,279
12-05-2021,Wed,279,12-05-2021,279
13-05-2021,Thu,279,12-05-2021,279
14-05-2021,Fri,280,20-05-2021,280
15-05-2021,Sat,280,20-05-2021,280
16-05-2021,Sun,280,20-05-2021,280
17-05-2021,Mon,280,20-05-2021,280
18-05-2021,Tue,280,20-05-2021,280
19-05-2021,Wed,280,20-05-2021,280
20-05-2021,Thu,280,20-05-2021,280
21-05-2021,Fri,281,27-05-2021,281
22-05-2021,Sat,281,27-05-2021,281
23-05-2021,Sun,281,27-05-2021,281
24-05-2021,Mon,281,27-05-2021,281
25-05-2021,Tue,281,27-05-2021,281
26-05-2021,Wed,281,27-05-2021,281
27-05-2021,Thu,281,27-05-2021,281
28-05-2021,Fri,282,03-06-2021,282
29-05-2021,Sat,282,03-06-2021,282
30-05-2021,Sun,282,03-06-2021,282
31-05-2021,Mon,282,03-06-2021,282
01-06-2021,Tue,282,03-06-2021,282
02-06-2021,Wed,282,03-06-2021,282
03-06-2021,Thu,282,03-06-2021,282
04-06-2021,Fri,283,10-06-2021,283
05-06-2021,Sat,283,10-06-2021,283
06-06-2021,Sun,283,10-06-2021,283
07-06-2021,Mon,283,10-06-2021,283
08-06-2021,Tue,283,10-06-2021,283
09-06-2021,Wed,283,10-06-2021,283
10-06-2021,Thu,283,10-06-2021,283
11-06-2021,Fri,284,17-06-2021,284
12-06-2021,Sat,284,17-06-2021,284
13-06-2021,Sun,284,17-06-2021,284
14-06-2021,Mon,284,17-06-2021,284
15-06-2021,Tue,284,17-06-2021,284
16-06-2021,Wed,284,17-06-2021,284
17-06-2021,Thu,284,17-06-2021,284
18-06-2021,Fri,285,24-06-2021,285
19-06-2021,Sat,285,24-06-2021,285
20-06-2021,Sun,285,24-06-2021,285
21-06-2021,Mon,285,24-06-2021,285
22-06-2021,Tue,285,24-06-2021,285
23-06-2021,Wed,285,24-06-2021,285
24-06-2021,Thu,285,24-06-2021,285
25-06-2021,Fri,286,01-07-2021,286
26-06-2021,Sat,286,01-07-2021,286
27-06-2021,Sun,286,01-07-2021,286
28-06-2021,Mon,286,01-07-2021,286
29-06-2021,Tue,286,01-07-2021,286
30-06-2021,Wed,286,01-07-2021,286
01-07-2021,Thu,286,01-07-2021,286
02-07-2021,Fri,287,08-07-2021,287
03-07-2021,Sat,287,08-07-2021,287
04-07-2021,Sun,287,08-07-2021,287
05-07-2021,Mon,287,08-07-2021,287
06-07-2021,Tue,287,08-07-2021,287
07-07-2021,Wed,287,08-07-2021,287
08-07-2021,Thu,287,08-07-2021,287
09-07-2021,Fri,288,15-07-2021,288
10-07-2021,Sat,288,15-07-2021,288
11-07-2021,Sun,288,15-07-2021,288
12-07-2021,Mon,288,15-07-2021,288
13-07-2021,Tue,288,15-07-2021,288
14-07-2021,Wed,288,15-07-2021,288
15-07-2021,Thu,288,15-07-2021,288
16-07-2021,Fri,289,22-07-2021,289
17-07-2021,Sat,289,22-07-2021,289
18-07-2021,Sun,289,22-07-2021,289
19-07-2021,Mon,289,22-07-2021,289
20-07-2021,Tue,289,22-07-2021,289
21-07-2021,Wed,289,22-07-2021,289
22-07-2021,Thu,289,22-07-2021,289
23-07-2021,Fri,290,29-07-2021,290
24-07-2021,Sat,290,29-07-2021,290
25-07-2021,Sun,290,29-07-2021,290
26-07-2021,Mon,290,29-07-2021,290
27-07-2021,Tue,290,29-07-2021,290
28-07-2021,Wed,290,29-07-2021,290
29-07-2021,Thu,290,29-07-2021,290
30-07-2021,Fri,291,05-08-2021,291
31-07-2021,Sat,291,05-08-2021,291
01-08-2021,Sun,291,05-08-2021,291
02-08-2021,Mon,291,05-08-2021,291
03-08-2021,Tue,291,05-08-2021,291
04-08-2021,Wed,291,05-08-2021,291
05-08-2021,Thu,291,05-08-2021,291
06-08-2021,Fri,292,12-08-2021,292
07-08-2021,Sat,292,12-08-2021,292
08-08-2021,Sun,292,12-08-2021,292
09-08-2021,Mon,292,12-08-2021,292
10-08-2021,Tue,292,12-08-2021,292
11-08-2021,Wed,292,12-08-2021,292
12-08-2021,Thu,292,12-08-2021,292
13-08-2021,Fri,293,19-08-2021,293
14-08-2021,Sat,293,19-08-2021,293
15-08-2021,Sun,293,19-08-2021,293
16-08-2021,Mon,293,19-08-2021,293
17-08-2021,Tue,293,19-08-2021,293
18-08-2021,Wed,293,19-08-2021,293
19-08-2021,Thu,293,19-08-2021,293
20-08-2021,Fri,294,26-08-2021,294
21-08-2021,Sat,294,26-08-2021,294
22-08-2021,Sun,294,26-08-2021,294
23-08-2021,Mon,294,26-08-2021,294
24-08-2021,Tue,294,26-08-2021,294
25-08-2021,Wed,294,26-08-2021,294
26-08-2021,Thu,294,26-08-2021,294
27-08-2021,Fri,295,02-09-2021,295
28-08-2021,Sat,295,02-09-2021,295
29-08-2021,Sun,295,02-09-2021,295
30-08-2021,Mon,295,02-09-2021,295
31-08-2021,Tue,295,02-09-2021,295
01-09-2021,Wed,295,02-09-2021,295
02-09-2021,Thu,295,02-09-2021,295
03-09-2021,Fri,296,09-09-2021,296
04-09-2021,Sat,296,09-09-2021,296
05-09-2021,Sun,296,09-09-2021,296
06-09-2021,Mon,296,09-09-2021,296
07-09-2021,Tue,296,09-09-2021,296
08-09-2021,Wed,296,09-09-2021,296
09-09-2021,Thu,296,09-09-2021,296
10-09-2021,Fri,297,16-09-2021,297
11-09-2021,Sat,297,16-09-2021,297
12-09-2021,Sun,297,16-09-2021,297
13-09-2021,Mon,297,16-09-2021,297
14-09-2021,Tue,297,16-09-2021,297
15-09-2021,Wed,297,16-09-2021,297
16-09-2021,Thu,297,16-09-2021,297
17-09-2021,Fri,298,23-09-2021,298
18-09-2021,Sat,298,23-09-2021,298
19-09-2021,Sun,298,23-09-2021,298
20-09-2021,Mon,298,23-09-2021,298
21-09-2021,Tue,298,23-09-2021,298
22-09-2021,Wed,298,23-09-2021,298
23-09-2021,Thu,298,23-09-2021,298
24-09-2021,Fri,299,30-09-2021,299
25-09-2021,Sat,299,30-09-2021,299
26-09-2021,Sun,299,30-09-2021,299
27-09-2021,Mon,299,30-09-2021,299
28-09-2021,Tue,299,30-09-2021,299
29-09-2021,Wed,299,30-09-2021,299
30-09-2021,Thu,299,30-09-2021,299
01-10-2021,Fri,300,07-10-2021,300
02-10-2021,Sat,300,07-10-2021,300
03-10-2021,Sun,300,07-10-2021,300
04-10-2021,Mon,300,07-10-2021,300
05-10-2021,Tue,300,07-10-2021,300
06-10-2021,Wed,300,07-10-2021,300
07-10-2021,Thu,300,07-10-2021,300
08-10-2021,Fri,301,14-10-2021,301
09-10-2021,Sat,301,14-10-2021,301
10-10-2021,Sun,301,14-10-2021,301
11-10-2021,Mon,301,14-10-2021,301
12-10-2021,Tue,301,14-10-2021,301
13-10-2021,Wed,301,14-10-2021,301
14-10-2021,Thu,301,14-10-2021,301
15-10-2021,Fri,302,19-10-2021,302
16-10-2021,Sat,302,19-10-2021,302
17-10-2021,Sun,302,19-10-2021,302
18-10-2021,Mon,302,19-10-2021,302
19-10-2021,Tue,302,19-10-2021,302
20-10-2021,Wed,302,26-10-2021,302
21-10-2021,Thu,302,26-10-2021,302
22-10-2021,Fri,303,26-10-2021,303
23-10-2021,Sat,303,26-10-2021,303
24-10-2021,Sun,303,26-10-2021,303
25-10-2021,Mon,303,26-10-2021,303
26-10-2021,Tue,303,26-10-2021,303
27-10-2021,Wed,303,02-11-2021,303
28-10-2021,Thu,303,02-11-2021,303
29-10-2021,Fri,304,02-11-2021,304
30-10-2021,Sat,304,02-11-2021,304
31-10-2021,Sun,304,02-11-2021,304
01-11-2021,Mon,304,02-11-2021,304
02-11-2021,Tue,304,02-11-2021,304
03-11-2021,Wed,304,09-11-2021,304
04-11-2021,Thu,304,09-11-2021,304
05-11-2021,Fri,305,09-11-2021,305
06-11-2021,Sat,305,09-11-2021,305
07-11-2021,Sun,305,09-11-2021,305
08-11-2021,Mon,305,09-11-2021,305
09-11-2021,Tue,305,09-11-2021,305
10-11-2021,Wed,305,16-11-2021,305
11-11-2021,Thu,305,16-11-2021,305
12-11-2021,Fri,306,16-11-2021,306
13-11-2021,Sat,306,16-11-2021,306
14-11-2021,Sun,306,16-11-2021,306
15-11-2021,Mon,306,16-11-2021,306
16-11-2021,Tue,306,16-11-2021,306
17-11-2021,Wed,306,23-11-2021,306
18-11-2021,Thu,306,23-11-2021,306
19-11-2021,Fri,307,23-11-2021,307
20-11-2021,Sat,307,23-11-2021,307
21-11-2021,Sun,307,23-11-2021,307
22-11-2021,Mon,307,23-11-2021,307
23-11-2021,Tue,307,23-11-2021,307
24-11-2021,Wed,307,30-11-2021,307
25-11-2021,Thu,307,30-11-2021,307
26-11-2021,Fri,308,30-11-2021,308
27-11-2021,Sat,308,30-11-2021,308
28-11-2021,Sun,308,30-11-2021,308
29-11-2021,Mon,308,30-11-2021,308
30-11-2021,Tue,308,30-11-2021,308
01-12-2021,Wed,308,07-12-2021,308
02-12-2021,Thu,308,07-12-2021,308
03-12-2021,Fri,309,07-12-2021,309
04-12-2021,Sat,309,07-12-2021,309
05-12-2021,Sun,309,07-12-2021,309
06-12-2021,Mon,309,07-12-2021,309
07-12-2021,Tue,309,07-12-2021,309
08-12-2021,Wed,309,14-12-2021,309
09-12-2021,Thu,309,14-12-2021,309
10-12-2021,Fri,310,14-12-2021,310
11-12-2021,Sat,310,14-12-2021,310
12-12-2021,Sun,310,14-12-2021,310
13-12-2021,Mon,310,14-12-2021,310
14-12-2021,Tue,310,14-12-2021,310
15-12-2021,Wed,310,21-12-2021,310
16-12-2021,Thu,310,21-12-2021,310
17-12-2021,Fri,311,21-12-2021,311
18-12-2021,Sat,311,21-12-2021,311
19-12-2021,Sun,311,21-12-2021,311
20-12-2021,Mon,311,21-12-2021,311
21-12-2021,Tue,311,21-12-2021,311
22-12-2021,Wed,311,28-12-2021,311
23-12-2021,Thu,311,28-12-2021,311
24-12-2021,Fri,312,28-12-2021,312
25-12-2021,Sat,312,28-12-2021,312
26-12-2021,Sun,312,28-12-2021,312
27-12-2021,Mon,312,28-12-2021,312
28-12-2021,Tue,312,28-12-2021,312
29-12-2021,Wed,312,04-01-2022,312
30-12-2021,Thu,312,04-01-2022,312
31-12-2021,Fri,,04-01-2022,
01-01-2022,Sat,,04-01-2022,
02-01-2022,Sun,,04-01-2022,
03-01-2022,Mon,,04-01-2022,
04-01-2022,Tue,,04-01-2022,
05-01-2022,Wed,,11-01-2022,
06-01-2022,Thu,,11-01-2022,
07-01-2022,Fri,,11-01-2022,
08-01-2022,Sat,,11-01-2022,
09-01-2022,Sun,,11-01-2022,
10-01-2022,Mon,,11-01-2022,
11-01-2022,Tue,,11-01-2022,
12-01-2022,Wed,,18-01-2022,
13-01-2022,Thu,,18-01-2022,
14-01-2022,Fri,,18-01-2022,
15-01-2022,Sat,,18-01-2022,
16-01-2022,Sun,,18-01-2022,
17-01-2022,Mon,,18-01-2022,
18-01-2022,Tue,,18-01-2022,
19-01-2022,Wed,,25-01-2022,
20-01-2022,Thu,,25-01-2022,
21-01-2022,Fri,,25-01-2022,
22-01-2022,Sat,,25-01-2022,
23-01-2022,Sun,,25-01-2022,
24-01-2022,Mon,,25-01-2022,
25-01-2022,Tue,,25-01-2022,
26-01-2022,Wed,,01-02-2022,
27-01-2022,Thu,,01-02-2022,
28-01-2022,Fri,,01-02-2022,
29-01-2022,Sat,,01-02-2022,
30-01-2022,Sun,,01-02-2022,
31-01-2022,Mon,,01-02-2022,
01-02-2022,Tue,,01-02-2022,
02-02-2022,Wed,,08-02-2022,
03-02-2022,Thu,,08-02-2022,
04-02-2022,Fri,,08-02-2022,
05-02-2022,Sat,,08-02-2022,
06-02-2022,Sun,,08-02-2022,
07-02-2022,Mon,,08-02-2022,
08-02-2022,Tue,,08-02-2022,
09-02-2022,Wed,,15-02-2022,
10-02-2022,Thu,,15-02-2022,
11-02-2022,Fri,,15-02-2022,
12-02-2022,Sat,,15-02-2022,
13-02-2022,Sun,,15-02-2022,
14-02-2022,Mon,,15-02-2022,
15-02-2022,Tue,,15-02-2022,
16-02-2022,Wed,,22-02-2022,
17-02-2022,Thu,,22-02-2022,
18-02-2022,Fri,,22-02-2022,
19-02-2022,Sat,,22-02-2022,
20-02-2022,Sun,,22-02-2022,
21-02-2022,Mon,,22-02-2022,
22-02-2022,Tue,,22-02-2022,
23-02-2022,Wed,,28-02-2022,
24-02-2022,Thu,,28-02-2022,
25-02-2022,Fri,,28-02-2022,
26-02-2022,Sat,,28-02-2022,
27-02-2022,Sun,,28-02-2022,
28-02-2022,Mon,,28-02-2022,
01-03-2022,Tue,,08-03-2022,
02-03-2022,Wed,,08-03-2022,
03-03-2022,Thu,,08-03-2022,
04-03-2022,Fri,,08-03-2022,
05-03-2022,Sat,,08-03-2022,
06-03-2022,Sun,,08-03-2022,
07-03-2022,Mon,,08-03-2022,
08-03-2022,Tue,,08-03-2022,
09-03-2022,Wed,,15-03-2022,
10-03-2022,Thu,,15-03-2022,
11-03-2022,Fri,,15-03-2022,
12-03-2022,Sat,,15-03-2022,
13-03-2022,Sun,,15-03-2022,
14-03-2022,Mon,,15-03-2022,
15-03-2022,Tue,,15-03-2022,
16-03-2022,Wed,,22-03-2022,
17-03-2022,Thu,,22-03-2022,
18-03-2022,Fri,,22-03-2022,
19-03-2022,Sat,,22-03-2022,
20-03-2022,Sun,,22-03-2022,
21-03-2022,Mon,,22-03-2022,
22-03-2022,Tue,,22-03-2022,
23-03-2022,Wed,,29-03-2022,
24-03-2022,Thu,,29-03-2022,
25-03-2022,Fri,,29-03-2022,
26-03-2022,Sat,,29-03-2022,
27-03-2022,Sun,,29-03-2022,
28-03-2022,Mon,,29-03-2022,
29-03-2022,Tue,,29-03-2022,
30-03-2022,Wed,,05-04-2022,
31-03-2022,Thu,,05-04-2022,
01-04-2022,Fri,,05-04-2022,
02-04-2022,Sat,,05-04-2022,
03-04-2022,Sun,,05-04-2022,
04-04-2022,Mon,,05-04-2022,
05-04-2022,Tue,,05-04-2022,
06-04-2022,Wed,,12-04-2022,
07-04-2022,Thu,,12-04-2022,
08-04-2022,Fri,,12-04-2022,
09-04-2022,Sat,,12-04-2022,
10-04-2022,Sun,,12-04-2022,
11-04-2022,Mon,,12-04-2022,
12-04-2022,Tue,,12-04-2022,
13-04-2022,Wed,,19-04-2022,
14-04-2022,Thu,,19-04-2022,
15-04-2022,Fri,,19-04-2022,
16-04-2022,Sat,,19-04-2022,
17-04-2022,Sun,,19-04-2022,
18-04-2022,Mon,,19-04-2022,
19-04-2022,Tue,,19-04-2022,
20-04-2022,Wed,,26-04-2022,
21-04-2022,Thu,,26-04-2022,
22-04-2022,Fri,,26-04-2022,
23-04-2022,Sat,,26-04-2022,
24-04-2022,Sun,,26-04-2022,
25-04-2022,Mon,,26-04-2022,
26-04-2022,Tue,,26-04-2022,
27-04-2022,Wed,,02-05-2022,
28-04-2022,Thu,,02-05-2022,
29-04-2022,Fri,,02-05-2022,
30-04-2022,Sat,,02-05-2022,
01-05-2022,Sun,,02-05-2022,
02-05-2022,Mon,,02-05-2022,
03-05-2022,Tue,,10-05-2022,
04-05-2022,Wed,,10-05-2022,
05-05-2022,Thu,,10-05-2022,
06-05-2022,Fri,,10-05-2022,
07-05-2022,Sat,,10-05-2022,
08-05-2022,Sun,,10-05-2022,
09-05-2022,Mon,,10-05-2022,
10-05-2022,Tue,,10-05-2022,
11-05-2022,Wed,,17-05-2022,
12-05-2022,Thu,,17-05-2022,
13-05-2022,Fri,,17-05-2022,
14-05-2022,Sat,,17-05-2022,
15-05-2022,Sun,,17-05-2022,
16-05-2022,Mon,,17-05-2022,
17-05-2022,Tue,,17-05-2022,
18-05-2022,Wed,,24-05-2022,
19-05-2022,Thu,,24-05-2022,
20-05-2022,Fri,,24-05-2022,
21-05-2022,Sat,,24-05-2022,
22-05-2022,Sun,,24-05-2022,
23-05-2022,Mon,,24-05-2022,
24-05-2022,Tue,,24-05-2022,
25-05-2022,Wed,,31-05-2022,
26-05-2022,Thu,,31-05-2022,
27-05-2022,Fri,,31-05-2022,
28-05-2022,Sat,,31-05-2022,
29-05-2022,Sun,,31-05-2022,
30-05-2022,Mon,,31-05-2022,
31-05-2022,Tue,,31-05-2022,
01-06-2022,Wed,,07-06-2022,
02-06-2022,Thu,,07-06-2022,
03-06-2022,Fri,,07-06-2022,
04-06-2022,Sat,,07-06-2022,
05-06-2022,Sun,,07-06-2022,
06-06-2022,Mon,,07-06-2022,
07-06-2022,Tue,,07-06-2022,
08-06-2022,Wed,,14-06-2022,
09-06-2022,Thu,,14-06-2022,
10-06-2022,Fri,,14-06-2022,
11-06-2022,Sat,,14-06-2022,
12-06-2022,Sun,,14-06-2022,
13-06-2022,Mon,,14-06-2022,
14-06-2022,Tue,,14-06-2022,
15-06-2022,Wed,,21-06-2022,
16-06-2022,Thu,,21-06-2022,
17-06-2022,Fri,,21-06-2022,
18-06-2022,Sat,,21-06-2022,
19-06-2022,Sun,,21-06-2022,
20-06-2022,Mon,,21-06-2022,
21-06-2022,Tue,,21-06-2022,
22-06-2022,Wed,,28-06-2022,
23-06-2022,Thu,,28-06-2022,
24-06-2022,Fri,,28-06-2022,
25-06-2022,Sat,,28-06-2022,
26-06-2022,Sun,,28-06-2022,
27-06-2022,Mon,,28-06-2022,
28-06-2022,Tue,,28-06-2022,
29-06-2022,Wed,,05-07-2022,
30-06-2022,Thu,,05-07-2022,
01-07-2022,Fri,,05-07-2022,
02-07-2022,Sat,,05-07-2022,
03-07-2022,Sun,,05-07-2022,
04-07-2022,Mon,,05-07-2022,
05-07-2022,Tue,,05-07-2022,
06-07-2022,Wed,,12-07-2022,
07-07-2022,Thu,,12-07-2022,
08-07-2022,Fri,,12-07-2022,
09-07-2022,Sat,,12-07-2022,
10-07-2022,Sun,,12-07-2022,
11-07-2022,Mon,,12-07-2022,
12-07-2022,Tue,,12-07-2022,
13-07-2022,Wed,,19-07-2022,
14-07-2022,Thu,,19-07-2022,
15-07-2022,Fri,,19-07-2022,
16-07-2022,Sat,,19-07-2022,
17-07-2022,Sun,,19-07-2022,
18-07-2022,Mon,,19-07-2022,
19-07-2022,Tue,,19-07-2022,
20-07-2022,Wed,,26-07-2022,
21-07-2022,Thu,,26-07-2022,
22-07-2022,Fri,,26-07-2022,
23-07-2022,Sat,,26-07-2022,
24-07-2022,Sun,,26-07-2022,
25-07-2022,Mon,,26-07-2022,
26-07-2022,Tue,,26-07-2022,
27-07-2022,Wed,,02-08-2022,
28-07-2022,Thu,,02-08-2022,
29-07-2022,Fri,,02-08-2022,
30-07-2022,Sat,,02-08-2022,
31-07-2022,Sun,,02-08-2022,
01-08-2022,Mon,,02-08-2022,
02-08-2022,Tue,,02-08-2022,
03-08-2022,Wed,,08-08-2022,
04-08-2022,Thu,,08-08-2022,
05-08-2022,Fri,,08-08-2022,
06-08-2022,Sat,,08-08-2022,
07-08-2022,Sun,,08-08-2022,
08-08-2022,Mon,,08-08-2022,
09-08-2022,Tue,,09-08-2022,
10-08-2022,Wed,,16-08-2022,
11-08-2022,Thu,,16-08-2022,
12-08-2022,Fri,,16-08-2022,
13-08-2022,Sat,,16-08-2022,
14-08-2022,Sun,,16-08-2022,
15-08-2022,Mon,,16-08-2022,
16-08-2022,Tue,,16-08-2022,
17-08-2022,Wed,,23-08-2022,
18-08-2022,Thu,,23-08-2022,
19-08-2022,Fri,,23-08-2022,
20-08-2022,Sat,,23-08-2022,
21-08-2022,Sun,,23-08-2022,
22-08-2022,Mon,,23-08-2022,
23-08-2022,Tue,,23-08-2022,
24-08-2022,Wed,,30-08-2022,
25-08-2022,Thu,,30-08-2022,
26-08-2022,Fri,,30-08-2022,
27-08-2022,Sat,,30-08-2022,
28-08-2022,Sun,,30-08-2022,
29-08-2022,Mon,,30-08-2022,
30-08-2022,Tue,,30-08-2022,
,,,,
,,,,
,,,,
,,,,
,,,,
